-- MySQL dump 10.13  Distrib 8.0.12, for macos10.13 (x86_64)
--
-- Host: localhost    Database: atm
-- ------------------------------------------------------
-- Server version	8.0.12

/*!40101 SET @OLD_CHARACTER_SET_CLIENT=@@CHARACTER_SET_CLIENT */;
/*!40101 SET @OLD_CHARACTER_SET_RESULTS=@@CHARACTER_SET_RESULTS */;
/*!40101 SET @OLD_COLLATION_CONNECTION=@@COLLATION_CONNECTION */;
 SET NAMES utf8mb4 ;
/*!40103 SET @OLD_TIME_ZONE=@@TIME_ZONE */;
/*!40103 SET TIME_ZONE='+00:00' */;
/*!40014 SET @OLD_UNIQUE_CHECKS=@@UNIQUE_CHECKS, UNIQUE_CHECKS=0 */;
/*!40014 SET @OLD_FOREIGN_KEY_CHECKS=@@FOREIGN_KEY_CHECKS, FOREIGN_KEY_CHECKS=0 */;
/*!40101 SET @OLD_SQL_MODE=@@SQL_MODE, SQL_MODE='NO_AUTO_VALUE_ON_ZERO' */;
/*!40111 SET @OLD_SQL_NOTES=@@SQL_NOTES, SQL_NOTES=0 */;

--
-- Table structure for table `accountinfo`
--

DROP TABLE IF EXISTS `accountinfo`;
/*!40101 SET @saved_cs_client     = @@character_set_client */;
 SET character_set_client = utf8mb4 ;
CREATE TABLE `accountinfo` (
  `ID` varchar(20) NOT NULL COMMENT 'account’s ID',
  `CustID` int(11) NOT NULL COMMENT 'customer’s ID',
  `AccountType` int(11) NOT NULL COMMENT 'account’s type: 1.Saving; 2.Checking; 3.Loan',
  `CurrencyID` int(11) NOT NULL COMMENT 'currency’s type: 1.USD; 2.CNY; 3.JPY etc',
  `Money` double NOT NULL COMMENT 'money',
  `Con` int(11) NOT NULL,
  PRIMARY KEY (`ID`,`AccountType`,`CurrencyID`),
  KEY `AccountType` (`AccountType`),
  KEY `CurrencyID` (`CurrencyID`),
  KEY `accountinfo_ibfk_1` (`CustID`),
  CONSTRAINT `accountinfo_ibfk_1` FOREIGN KEY (`CustID`) REFERENCES `customerinfo` (`id`),
  CONSTRAINT `accountinfo_ibfk_3` FOREIGN KEY (`CurrencyID`) REFERENCES `currencytype` (`id`)
) ENGINE=InnoDB DEFAULT CHARSET=utf8;
/*!40101 SET character_set_client = @saved_cs_client */;

--
-- Dumping data for table `accountinfo`
--

LOCK TABLES `accountinfo` WRITE;
/*!40000 ALTER TABLE `accountinfo` DISABLE KEYS */;
INSERT INTO `accountinfo` VALUES ('00000001',1,1,1,0,1),('00000002',2,1,1,868.989013671875,1),('00000003',3,1,1,0,1),('00000004',2,2,1,0,0),('00000005',2,3,1,0,0),('00000006',2,2,1,8226.936237445314,1),('00000007',2,2,1,0,0),('00000008',2,3,1,0,0),('00000009',2,3,1,0,0),('00000010',2,1,1,0,1),('00000011',2,1,1,555,1),('00000012',2,3,1,9989,1),('00000013',2,2,1,6024.024,1),('00000014',2,2,1,1000,1);
/*!40000 ALTER TABLE `accountinfo` ENABLE KEYS */;
UNLOCK TABLES;

--
-- Table structure for table `accounttype`
--

DROP TABLE IF EXISTS `accounttype`;
/*!40101 SET @saved_cs_client     = @@character_set_client */;
 SET character_set_client = utf8mb4 ;
CREATE TABLE `accounttype` (
  `ID` int(1) NOT NULL,
  `name` varchar(20) DEFAULT NULL,
  PRIMARY KEY (`ID`)
) ENGINE=InnoDB DEFAULT CHARSET=utf8;
/*!40101 SET character_set_client = @saved_cs_client */;

--
-- Dumping data for table `accounttype`
--

LOCK TABLES `accounttype` WRITE;
/*!40000 ALTER TABLE `accounttype` DISABLE KEYS */;
INSERT INTO `accounttype` VALUES (1,'Saving'),(2,'Checking'),(3,'Loan');
/*!40000 ALTER TABLE `accounttype` ENABLE KEYS */;
UNLOCK TABLES;

--
-- Table structure for table `currencytype`
--

DROP TABLE IF EXISTS `currencytype`;
/*!40101 SET @saved_cs_client     = @@character_set_client */;
 SET character_set_client = utf8mb4 ;
CREATE TABLE `currencytype` (
  `ID` int(2) NOT NULL,
  `name` varchar(20) DEFAULT NULL,
  PRIMARY KEY (`ID`)
) ENGINE=InnoDB DEFAULT CHARSET=utf8;
/*!40101 SET character_set_client = @saved_cs_client */;

--
-- Dumping data for table `currencytype`
--

LOCK TABLES `currencytype` WRITE;
/*!40000 ALTER TABLE `currencytype` DISABLE KEYS */;
INSERT INTO `currencytype` VALUES (1,'USD'),(2,'CNY'),(3,'JPY');
/*!40000 ALTER TABLE `currencytype` ENABLE KEYS */;
UNLOCK TABLES;

--
-- Table structure for table `customerinfo`
--

DROP TABLE IF EXISTS `customerinfo`;
/*!40101 SET @saved_cs_client     = @@character_set_client */;
 SET character_set_client = utf8mb4 ;
CREATE TABLE `customerinfo` (
  `ID` int(11) NOT NULL COMMENT 'customer’s ID',
  `Name` varchar(40) NOT NULL COMMENT 'customer’s name (first name and last name etc)',
  `Address` varchar(50) DEFAULT NULL COMMENT 'customer’s address',
  `Password` varchar(20) NOT NULL COMMENT 'password',
  `Username` varchar(40) NOT NULL COMMENT 'customized name for login etc',
  `PhoneNo` varchar(20) DEFAULT NULL COMMENT 'phone number',
  `Collateral` varchar(40) DEFAULT NULL,
  PRIMARY KEY (`ID`)
) ENGINE=InnoDB DEFAULT CHARSET=utf8;
/*!40101 SET character_set_client = @saved_cs_client */;

--
-- Dumping data for table `customerinfo`
--

LOCK TABLES `customerinfo` WRITE;
/*!40000 ALTER TABLE `customerinfo` DISABLE KEYS */;
INSERT INTO `customerinfo` VALUES (1,'Johns Smith','880 Brighton ST','123456','Poor man','874910433',NULL),(2,'Tom Jackson','66 Skytree Avenue','123456','Rich man','0371337198','Very rich man'),(3,'James Joseph','777 Lucky Avenue','123456','Customer','0234215193',NULL);
/*!40000 ALTER TABLE `customerinfo` ENABLE KEYS */;
UNLOCK TABLES;

--
-- Table structure for table `managerinfo`
--

DROP TABLE IF EXISTS `managerinfo`;
/*!40101 SET @saved_cs_client     = @@character_set_client */;
 SET character_set_client = utf8mb4 ;
CREATE TABLE `managerinfo` (
  `ID` int(11) NOT NULL COMMENT 'customer’s ID',
  `Password` varchar(20) NOT NULL COMMENT 'password',
  `Username` varchar(40) NOT NULL COMMENT 'customized name for login etc',
  PRIMARY KEY (`ID`)
) ENGINE=InnoDB DEFAULT CHARSET=utf8;
/*!40101 SET character_set_client = @saved_cs_client */;

--
-- Dumping data for table `managerinfo`
--

LOCK TABLES `managerinfo` WRITE;
/*!40000 ALTER TABLE `managerinfo` DISABLE KEYS */;
INSERT INTO `managerinfo` VALUES (1,'money','Happy admin');
/*!40000 ALTER TABLE `managerinfo` ENABLE KEYS */;
UNLOCK TABLES;

--
-- Table structure for table `marketopdetails`
--

DROP TABLE IF EXISTS `marketopdetails`;
/*!40101 SET @saved_cs_client     = @@character_set_client */;
 SET character_set_client = utf8mb4 ;
CREATE TABLE `marketopdetails` (
  `OpID` varchar(20) NOT NULL COMMENT 'operation ID',
  `SAID` varchar(20) NOT NULL COMMENT 'security account ID',
  `StockID` varchar(7) NOT NULL COMMENT 'stock ID',
  `ShareNumber` bigint(20) NOT NULL COMMENT 'the number of shares customer is holding',
  `CostPrice` double DEFAULT NULL,
  `OpTime` timestamp NULL DEFAULT NULL,
  PRIMARY KEY (`OpID`),
  KEY `SAID` (`SAID`),
  KEY `StockID` (`StockID`),
  CONSTRAINT `marketopdetails_ibfk_1` FOREIGN KEY (`SAID`) REFERENCES `securityinfo` (`id`),
  CONSTRAINT `marketopdetails_ibfk_2` FOREIGN KEY (`StockID`) REFERENCES `stockinfo` (`id`)
) ENGINE=InnoDB DEFAULT CHARSET=utf8;
/*!40101 SET character_set_client = @saved_cs_client */;

--
-- Dumping data for table `marketopdetails`
--

LOCK TABLES `marketopdetails` WRITE;
/*!40000 ALTER TABLE `marketopdetails` DISABLE KEYS */;
/*!40000 ALTER TABLE `marketopdetails` ENABLE KEYS */;
UNLOCK TABLES;

--
-- Temporary view structure for view `pricechanged`
--

DROP TABLE IF EXISTS `pricechanged`;
/*!50001 DROP VIEW IF EXISTS `pricechanged`*/;
SET @saved_cs_client     = @@character_set_client;
SET character_set_client = utf8mb4;
/*!50001 CREATE VIEW `pricechanged` AS SELECT 
 1 AS `ID`,
 1 AS `pricechanged`*/;
SET character_set_client = @saved_cs_client;

--
-- Table structure for table `securityinfo`
--

DROP TABLE IF EXISTS `securityinfo`;
/*!40101 SET @saved_cs_client     = @@character_set_client */;
 SET character_set_client = utf8mb4 ;
CREATE TABLE `securityinfo` (
  `ID` varchar(20) NOT NULL,
  `AccountID` varchar(20) NOT NULL COMMENT 'account’s ID to which this security account is linked',
  PRIMARY KEY (`ID`),
  KEY `AccountID` (`AccountID`)
) ENGINE=InnoDB DEFAULT CHARSET=utf8;
/*!40101 SET character_set_client = @saved_cs_client */;

--
-- Dumping data for table `securityinfo`
--

LOCK TABLES `securityinfo` WRITE;
/*!40000 ALTER TABLE `securityinfo` DISABLE KEYS */;
/*!40000 ALTER TABLE `securityinfo` ENABLE KEYS */;
UNLOCK TABLES;

--
-- Table structure for table `sharesinfo`
--

DROP TABLE IF EXISTS `sharesinfo`;
/*!40101 SET @saved_cs_client     = @@character_set_client */;
 SET character_set_client = utf8mb4 ;
CREATE TABLE `sharesinfo` (
  `ID` varchar(20) NOT NULL,
  `SecID` varchar(20) NOT NULL COMMENT 'security account ID',
  `StockID` varchar(7) NOT NULL COMMENT 'stock ID',
  `ShareNumber` int(11) NOT NULL COMMENT 'the number of shares customer is holding',
  PRIMARY KEY (`ID`),
  KEY `SAID` (`SecID`),
  KEY `StockID` (`StockID`),
  CONSTRAINT `sharesinfo_ibfk_1` FOREIGN KEY (`SecID`) REFERENCES `securityinfo` (`id`),
  CONSTRAINT `sharesinfo_ibfk_2` FOREIGN KEY (`StockID`) REFERENCES `stockinfo` (`id`)
) ENGINE=InnoDB DEFAULT CHARSET=utf8;
/*!40101 SET character_set_client = @saved_cs_client */;

--
-- Dumping data for table `sharesinfo`
--

LOCK TABLES `sharesinfo` WRITE;
/*!40000 ALTER TABLE `sharesinfo` DISABLE KEYS */;
/*!40000 ALTER TABLE `sharesinfo` ENABLE KEYS */;
UNLOCK TABLES;

--
-- Table structure for table `stockinfo`
--

DROP TABLE IF EXISTS `stockinfo`;
/*!40101 SET @saved_cs_client     = @@character_set_client */;
 SET character_set_client = utf8mb4 ;
CREATE TABLE `stockinfo` (
  `ID` varchar(7) NOT NULL,
  `Name` varchar(20) DEFAULT NULL,
  `CurrentPrice` double DEFAULT NULL,
  PRIMARY KEY (`ID`)
) ENGINE=InnoDB DEFAULT CHARSET=utf8;
/*!40101 SET character_set_client = @saved_cs_client */;

--
-- Dumping data for table `stockinfo`
--

LOCK TABLES `stockinfo` WRITE;
/*!40000 ALTER TABLE `stockinfo` DISABLE KEYS */;
INSERT INTO `stockinfo` VALUES ('1','111',105.60505723527018),('2','222',99.70058524670489),('3','222',384.1344160607447),('4','222',65.4425541865434),('5','nike',7038.5981729047835);
/*!40000 ALTER TABLE `stockinfo` ENABLE KEYS */;
UNLOCK TABLES;

--
-- Table structure for table `stockpricechange`
--

DROP TABLE IF EXISTS `stockpricechange`;
/*!40101 SET @saved_cs_client     = @@character_set_client */;
 SET character_set_client = utf8mb4 ;
CREATE TABLE `stockpricechange` (
  `id` bigint(20) NOT NULL AUTO_INCREMENT,
  `systime` timestamp NULL DEFAULT NULL,
  `stockID` varchar(20) DEFAULT NULL,
  `pricechanged` double DEFAULT NULL,
  PRIMARY KEY (`id`),
  KEY `stockID` (`stockID`),
  CONSTRAINT `FK_stockpricechange_stockinfo` FOREIGN KEY (`stockID`) REFERENCES `stockinfo` (`id`) ON DELETE CASCADE,
  CONSTRAINT `stockpricechange_ibfk_1` FOREIGN KEY (`stockID`) REFERENCES `stockinfo` (`id`)
) ENGINE=InnoDB AUTO_INCREMENT=2708 DEFAULT CHARSET=utf8;
/*!40101 SET character_set_client = @saved_cs_client */;

--
-- Dumping data for table `stockpricechange`
--

LOCK TABLES `stockpricechange` WRITE;
/*!40000 ALTER TABLE `stockpricechange` DISABLE KEYS */;
INSERT INTO `stockpricechange` VALUES (212,'2019-11-09 06:19:46','5',-0.059),(214,'2019-11-09 06:19:50','5',0.1516),(216,'2019-11-09 06:19:55','5',-0.1621),(217,'2019-11-09 06:20:00','5',0.0276),(218,'2019-11-09 06:20:05','5',-0.0301),(219,'2019-11-09 06:20:10','5',-0.1653),(220,'2019-11-09 06:20:15','5',0.1082),(221,'2019-11-09 06:20:20','5',-0.0487),(222,'2019-11-09 06:20:25','5',-0.1315),(223,'2019-11-09 06:20:30','5',0.0263),(224,'2019-11-09 06:20:35','5',-0.0762),(225,'2019-11-09 06:20:40','5',0.1427),(226,'2019-11-09 06:20:45','5',-0.1567),(227,'2019-11-09 06:20:50','5',0.0863),(228,'2019-11-09 06:20:55','5',-0.1579),(230,'2019-11-09 06:21:00','5',-0.096),(233,'2019-11-09 06:21:05','5',0.0366),(236,'2019-11-09 06:21:10','5',0.1812),(239,'2019-11-09 06:21:15','5',0.0363),(242,'2019-11-09 06:21:21','5',0.1711),(245,'2019-11-09 06:21:25','5',0.0482),(248,'2019-11-09 06:21:30','5',0.0171),(251,'2019-11-09 06:21:35','5',-0.02),(254,'2019-11-09 06:21:40','5',-0.0183),(257,'2019-11-09 06:21:45','5',0.1759),(260,'2019-11-09 06:21:50','5',-0.103),(263,'2019-11-09 06:21:55','5',0.1127),(266,'2019-11-09 06:22:00','5',-0.1203),(269,'2019-11-09 06:22:05','5',0.0227),(272,'2019-11-09 06:22:10','5',0.0599),(275,'2019-11-09 06:22:15','5',-0.1862),(278,'2019-11-09 06:22:20','5',-0.1184),(281,'2019-11-09 06:22:25','5',-0.1452),(284,'2019-11-09 06:22:30','5',0.0383),(287,'2019-11-09 06:22:35','5',0.1152),(290,'2019-11-09 06:22:40','5',0.0697),(293,'2019-11-09 06:22:46','5',-0.1391),(296,'2019-11-09 06:22:50','5',0.0599),(299,'2019-11-09 06:22:55','5',0.1124),(302,'2019-11-09 06:23:00','5',0.0209),(305,'2019-11-09 06:23:05','5',0.0556),(308,'2019-11-09 06:23:10','5',-0.0984),(311,'2019-11-09 06:23:15','5',-0.1772),(314,'2019-11-09 06:23:20','5',0.0055),(317,'2019-11-09 06:23:25','2',0.1974),(318,'2019-11-09 06:23:25','5',-0.1377),(319,'2019-11-09 06:23:30','2',-0.0979),(320,'2019-11-09 06:23:30','5',-0.0954),(322,'2019-11-09 06:23:35','2',-0.1309),(323,'2019-11-09 06:23:35','5',-0.1356),(325,'2019-11-09 06:23:40','2',0.1225),(326,'2019-11-09 06:23:40','5',0.1414),(328,'2019-11-09 06:23:45','2',-0.1189),(329,'2019-11-09 06:23:45','5',0.0174),(331,'2019-11-09 06:23:50','2',-0.0414),(332,'2019-11-09 06:23:50','5',-0.0551),(334,'2019-11-09 06:23:55','2',-0.1892),(335,'2019-11-09 06:23:55','5',0.1166),(337,'2019-11-09 06:24:00','2',0.0535),(338,'2019-11-09 06:24:00','5',0.0502),(340,'2019-11-09 06:24:05','2',0.1653),(341,'2019-11-09 06:24:05','5',-0.1784),(343,'2019-11-09 06:24:11','2',-0.1122),(344,'2019-11-09 06:24:11','5',0.0442),(346,'2019-11-09 06:24:15','2',-0.1505),(347,'2019-11-09 06:24:15','5',0.1811),(349,'2019-11-09 06:24:20','2',0.0748),(350,'2019-11-09 06:24:20','5',0.1368),(352,'2019-11-09 06:24:25','2',0.0708),(353,'2019-11-09 06:24:25','5',0.1215),(355,'2019-11-09 06:24:30','2',-0.1644),(356,'2019-11-09 06:24:30','5',0.0223),(358,'2019-11-09 06:24:35','2',-0.1508),(359,'2019-11-09 06:24:35','5',-0.1199),(361,'2019-11-09 06:24:40','2',-0.1773),(362,'2019-11-09 06:24:40','5',-0.1327),(364,'2019-11-09 06:24:45','2',0.0417),(365,'2019-11-09 06:24:45','5',0.1998),(367,'2019-11-09 06:24:50','2',0.0529),(368,'2019-11-09 06:24:50','5',0.0475),(370,'2019-11-09 06:24:55','2',-0.1421),(371,'2019-11-09 06:24:55','5',-0.0877),(373,'2019-11-09 06:25:00','2',-0.1013),(374,'2019-11-09 06:25:00','5',-0.1095),(376,'2019-11-09 06:25:05','2',0.0586),(377,'2019-11-09 06:25:05','5',0.07),(379,'2019-11-09 06:25:10','2',-0.1197),(380,'2019-11-09 06:25:10','5',0.012),(382,'2019-11-09 06:25:15','2',0.1014),(383,'2019-11-09 06:25:15','5',-0.0464),(385,'2019-11-09 06:25:20','2',0.1943),(386,'2019-11-09 06:25:20','5',0.0446),(388,'2019-11-09 06:25:25','2',-0.1174),(389,'2019-11-09 06:25:25','5',-0.1761),(391,'2019-11-09 06:25:30','2',0.1737),(392,'2019-11-09 06:25:30','5',0.1592),(394,'2019-11-09 06:25:36','2',0.074),(395,'2019-11-09 06:25:36','5',0.1372),(397,'2019-11-09 06:25:41','2',-0.0288),(398,'2019-11-09 06:25:41','5',0.0984),(400,'2019-11-09 06:25:45','2',0.1015),(401,'2019-11-09 06:25:45','5',0.1505),(403,'2019-11-09 06:25:50','2',-0.1607),(404,'2019-11-09 06:25:50','5',0.038),(406,'2019-11-09 06:25:55','2',0.1904),(407,'2019-11-09 06:25:55','5',-0.068),(409,'2019-11-09 06:26:00','2',-0.0435),(410,'2019-11-09 06:26:00','5',-0.164),(412,'2019-11-09 06:26:05','2',0.0712),(413,'2019-11-09 06:26:05','5',-0.1766),(415,'2019-11-09 06:26:10','2',0.162),(416,'2019-11-09 06:26:10','5',0.1114),(418,'2019-11-09 06:26:15','2',-0.0889),(419,'2019-11-09 06:26:15','5',0.145),(421,'2019-11-09 06:26:20','2',-0.013),(422,'2019-11-09 06:26:20','5',-0.1389),(424,'2019-11-09 06:26:25','2',0.1764),(425,'2019-11-09 06:26:25','5',0.1687),(427,'2019-11-09 06:26:30','2',-0.1595),(428,'2019-11-09 06:26:30','5',-0.0615),(430,'2019-11-09 06:26:35','2',-0.1133),(431,'2019-11-09 06:26:35','5',-0.1608),(433,'2019-11-09 06:26:40','2',0.0432),(434,'2019-11-09 06:26:40','5',0.1062),(436,'2019-11-09 06:26:45','2',-0.1142),(437,'2019-11-09 06:26:45','5',0.1334),(439,'2019-11-09 06:26:50','2',0.1211),(440,'2019-11-09 06:26:50','5',-0.1644),(442,'2019-11-09 06:26:55','2',-0.1533),(443,'2019-11-09 06:26:55','5',0.1713),(445,'2019-11-09 06:27:01','2',-0.117),(446,'2019-11-09 06:27:01','5',0.1236),(448,'2019-11-09 06:27:05','2',0.1124),(449,'2019-11-09 06:27:05','5',-0.1997),(451,'2019-11-09 06:27:10','2',-0.1724),(452,'2019-11-09 06:27:10','5',0.09),(454,'2019-11-09 06:27:15','2',0.0998),(455,'2019-11-09 06:27:15','5',0.0452),(457,'2019-11-09 06:27:20','2',-0.1239),(458,'2019-11-09 06:27:20','5',-0.0056),(460,'2019-11-09 06:27:25','2',-0.0356),(461,'2019-11-09 06:27:25','5',-0.0304),(463,'2019-11-09 06:27:30','2',-0.123),(464,'2019-11-09 06:27:30','5',-0.0019),(466,'2019-11-09 06:27:35','2',-0.0328),(467,'2019-11-09 06:27:35','5',0.1832),(469,'2019-11-09 06:27:40','2',-0.0726),(470,'2019-11-09 06:27:40','5',0.0123),(472,'2019-11-09 06:27:45','2',0.1877),(473,'2019-11-09 06:27:45','5',-0.0796),(475,'2019-11-09 06:27:50','2',0.097),(476,'2019-11-09 06:27:50','5',-0.0717),(478,'2019-11-09 06:27:55','2',-0.1184),(479,'2019-11-09 06:27:55','5',-0.0804),(481,'2019-11-09 06:28:00','2',0.0871),(482,'2019-11-09 06:28:00','5',-0.1071),(484,'2019-11-09 06:28:05','2',0.0818),(485,'2019-11-09 06:28:05','5',-0.1296),(487,'2019-11-09 06:28:10','2',-0.1532),(488,'2019-11-09 06:28:10','5',-0.1303),(490,'2019-11-09 06:28:16','2',-0.1597),(491,'2019-11-09 06:28:16','5',0.1441),(493,'2019-11-09 06:28:20','2',0.176),(494,'2019-11-09 06:28:20','5',0.1706),(496,'2019-11-09 06:28:25','2',-0.1237),(497,'2019-11-09 06:28:25','5',-0.1096),(499,'2019-11-09 06:28:30','2',0.0213),(500,'2019-11-09 06:28:30','5',-0.1887),(502,'2019-11-09 06:28:35','2',-0.1919),(503,'2019-11-09 06:28:35','5',0.1072),(505,'2019-11-09 06:28:40','2',-0.1086),(506,'2019-11-09 06:28:40','5',0.1614),(508,'2019-11-09 06:28:45','2',0.1241),(509,'2019-11-09 06:28:45','5',-0.1499),(511,'2019-11-09 06:28:50','2',-0.1549),(512,'2019-11-09 06:28:50','5',0.1627),(514,'2019-11-09 06:28:55','2',0.1131),(515,'2019-11-09 06:28:55','5',0.1014),(517,'2019-11-09 06:29:00','2',-0.0867),(518,'2019-11-09 06:29:00','5',0.1522),(520,'2019-11-09 06:29:05','2',0.1103),(521,'2019-11-09 06:29:05','5',0.1896),(523,'2019-11-09 06:29:10','2',0.1029),(524,'2019-11-09 06:29:10','5',-0.1439),(526,'2019-11-09 06:29:15','2',-0.1792),(527,'2019-11-09 06:29:15','5',-0.1388),(529,'2019-11-09 06:29:20','2',0.1329),(530,'2019-11-09 06:29:20','5',0.0875),(532,'2019-11-09 06:29:25','2',0.1195),(533,'2019-11-09 06:29:25','5',-0.0757),(535,'2019-11-09 06:29:30','2',0.1585),(536,'2019-11-09 06:29:30','5',0.1966),(538,'2019-11-09 06:29:36','2',-0.1879),(539,'2019-11-09 06:29:36','5',0.1224),(541,'2019-11-09 06:29:40','2',-0.137),(542,'2019-11-09 06:29:40','5',0.1342),(544,'2019-11-09 06:29:45','2',-0.1298),(545,'2019-11-09 06:29:45','5',0.0692),(547,'2019-11-09 06:29:50','2',-0.0997),(548,'2019-11-09 06:29:50','5',-0.1027),(550,'2019-11-09 06:29:55','2',-0.0256),(551,'2019-11-09 06:29:55','5',-0.1881),(553,'2019-11-09 06:30:00','2',-0.1538),(554,'2019-11-09 06:30:00','5',-0.1308),(556,'2019-11-09 06:30:05','2',-0.1772),(557,'2019-11-09 06:30:05','5',0.1697),(559,'2019-11-09 06:30:10','2',0.0819),(560,'2019-11-09 06:30:10','5',-0.1328),(562,'2019-11-09 06:30:15','2',0.1631),(563,'2019-11-09 06:30:15','5',-0.0858),(565,'2019-11-09 06:30:20','2',-0.1241),(566,'2019-11-09 06:30:20','5',0.1932),(568,'2019-11-09 06:30:25','2',0.1652),(569,'2019-11-09 06:30:25','5',0.125),(571,'2019-11-09 06:30:30','2',0.1134),(572,'2019-11-09 06:30:30','5',-0.0953),(574,'2019-11-09 06:30:35','2',0.1624),(575,'2019-11-09 06:30:35','5',0.1131),(577,'2019-11-09 06:30:40','2',0.1631),(578,'2019-11-09 06:30:40','5',-0.1839),(580,'2019-11-09 06:30:45','2',0.0275),(581,'2019-11-09 06:30:45','5',0.1375),(583,'2019-11-09 06:30:50','2',0.0996),(584,'2019-11-09 06:30:50','5',0.0461),(586,'2019-11-09 06:30:56','2',0.1304),(587,'2019-11-09 06:30:56','5',0.0772),(589,'2019-11-09 06:31:00','2',0.0446),(590,'2019-11-09 06:31:00','5',0.0122),(592,'2019-11-09 06:31:05','2',-0.0509),(593,'2019-11-09 06:31:05','5',0.0997),(595,'2019-11-09 06:31:10','2',-0.029),(596,'2019-11-09 06:31:10','5',0.0996),(598,'2019-11-09 06:31:15','2',-0.1955),(599,'2019-11-09 06:31:15','5',-0.0148),(601,'2019-11-09 06:31:20','2',-0.1313),(602,'2019-11-09 06:31:20','5',0.0648),(604,'2019-11-09 06:31:25','2',0.1003),(605,'2019-11-09 06:31:25','5',0.0492),(607,'2019-11-09 06:31:30','2',-0.1978),(608,'2019-11-09 06:31:30','5',-0.1218),(610,'2019-11-09 06:31:35','2',-0.0762),(611,'2019-11-09 06:31:35','5',-0.101),(613,'2019-11-09 06:31:40','2',-0.05),(614,'2019-11-09 06:31:40','5',-0.1898),(616,'2019-11-09 06:31:45','2',0.0775),(617,'2019-11-09 06:31:45','5',-0.0498),(619,'2019-11-09 06:31:50','2',0.1975),(620,'2019-11-09 06:31:50','5',-0.0399),(622,'2019-11-09 06:31:55','2',0.0567),(623,'2019-11-09 06:31:55','5',0.1571),(625,'2019-11-09 06:32:00','2',0.0818),(626,'2019-11-09 06:32:00','5',-0.1317),(628,'2019-11-09 06:32:05','2',-0.0226),(629,'2019-11-09 06:32:05','5',0.0248),(631,'2019-11-09 06:32:11','2',0.1175),(632,'2019-11-09 06:32:11','5',-0.1779),(634,'2019-11-09 06:32:15','2',-0.0302),(635,'2019-11-09 06:32:15','5',0.0945),(637,'2019-11-09 06:32:20','2',-0.0044),(638,'2019-11-09 06:32:20','5',0.0021),(640,'2019-11-09 06:32:25','2',0.1206),(641,'2019-11-09 06:32:25','5',0.1352),(643,'2019-11-09 06:32:30','2',-0.0693),(644,'2019-11-09 06:32:30','5',0.1283),(646,'2019-11-09 06:32:35','2',0.183),(647,'2019-11-09 06:32:35','5',0.0007),(649,'2019-11-09 06:32:40','2',0.0142),(650,'2019-11-09 06:32:40','5',0.1831),(652,'2019-11-09 06:32:45','2',0.0394),(653,'2019-11-09 06:32:45','5',-0.0164),(655,'2019-11-09 06:32:50','2',0.1135),(656,'2019-11-09 06:32:50','5',-0.1949),(658,'2019-11-09 06:32:55','2',-0.1539),(659,'2019-11-09 06:32:55','5',0.0622),(661,'2019-11-09 06:33:00','2',0.0492),(662,'2019-11-09 06:33:00','5',0.1317),(664,'2019-11-09 06:33:05','2',0.0779),(665,'2019-11-09 06:33:05','5',0.1538),(667,'2019-11-09 06:33:10','2',-0.0669),(668,'2019-11-09 06:33:10','5',0.1383),(670,'2019-11-09 06:33:15','2',-0.0693),(671,'2019-11-09 06:33:15','5',0.0263),(673,'2019-11-09 06:33:20','2',-0.0937),(674,'2019-11-09 06:33:20','5',0.1246),(676,'2019-11-09 06:33:25','2',-0.138),(677,'2019-11-09 06:33:25','5',0.0342),(679,'2019-11-09 06:33:31','2',0.0507),(680,'2019-11-09 06:33:31','5',-0.1635),(682,'2019-11-09 06:33:35','2',-0.0566),(683,'2019-11-09 06:33:35','5',-0.0178),(685,'2019-11-09 06:33:40','2',0.0872),(686,'2019-11-09 06:33:40','5',-0.1087),(688,'2019-11-09 06:33:45','2',-0.1423),(689,'2019-11-09 06:33:45','5',-0.082),(691,'2019-11-09 06:33:50','2',-0.0584),(692,'2019-11-09 06:33:50','5',0.1746),(694,'2019-11-09 06:33:55','2',-0.1661),(695,'2019-11-09 06:33:55','5',0.1151),(697,'2019-11-09 06:34:00','2',0.1968),(698,'2019-11-09 06:34:00','5',0.0592),(700,'2019-11-09 06:34:05','2',-0.0031),(701,'2019-11-09 06:34:05','5',-0.1904),(703,'2019-11-09 06:34:10','2',-0.1069),(704,'2019-11-09 06:34:10','5',-0.1335),(706,'2019-11-09 06:34:15','2',-0.0733),(707,'2019-11-09 06:34:15','5',-0.0889),(709,'2019-11-09 06:34:20','2',0.0688),(710,'2019-11-09 06:34:20','5',-0.1848),(712,'2019-11-09 06:34:25','2',-0.1448),(713,'2019-11-09 06:34:25','5',-0.0928),(715,'2019-11-09 06:34:30','2',-0.0394),(716,'2019-11-09 06:34:30','5',-0.1448),(718,'2019-11-09 06:34:35','2',-0.0715),(719,'2019-11-09 06:34:35','5',0.1189),(721,'2019-11-09 06:34:40','2',-0.148),(722,'2019-11-09 06:34:40','5',-0.0062),(724,'2019-11-09 06:34:45','2',-0.0266),(725,'2019-11-09 06:34:45','5',-0.1921),(727,'2019-11-09 06:34:51','2',-0.0213),(728,'2019-11-09 06:34:51','5',-0.0714),(730,'2019-11-09 06:34:55','2',0.0186),(731,'2019-11-09 06:34:55','5',0.1998),(733,'2019-11-09 06:35:00','2',-0.1185),(734,'2019-11-09 06:35:00','5',-0.0875),(736,'2019-11-09 06:35:05','2',0.142),(737,'2019-11-09 06:35:05','5',-0.0757),(739,'2019-11-09 06:35:10','2',0.0123),(740,'2019-11-09 06:35:10','5',-0.1288),(742,'2019-11-09 06:35:15','2',0.0729),(743,'2019-11-09 06:35:15','5',-0.0672),(745,'2019-11-09 06:35:20','2',0.0653),(746,'2019-11-09 06:35:20','5',0.0003),(748,'2019-11-09 06:35:25','2',0.1989),(749,'2019-11-09 06:35:25','5',-0.032),(751,'2019-11-09 06:35:30','2',0.0896),(752,'2019-11-09 06:35:30','5',0.0034),(754,'2019-11-09 06:35:35','2',-0.0576),(755,'2019-11-09 06:35:35','5',-0.1222),(757,'2019-11-09 06:35:40','2',-0.0578),(758,'2019-11-09 06:35:40','5',-0.025),(760,'2019-11-09 06:35:45','2',-0.0566),(761,'2019-11-09 06:35:45','5',-0.1197),(763,'2019-11-09 06:35:50','2',-0.0338),(764,'2019-11-09 06:35:50','5',-0.0209),(766,'2019-11-09 06:35:55','2',0.1417),(767,'2019-11-09 06:35:55','5',-0.1816),(769,'2019-11-09 06:36:00','2',-0.0306),(770,'2019-11-09 06:36:00','5',-0.0074),(772,'2019-11-09 06:36:06','2',-0.0003),(773,'2019-11-09 06:36:06','5',-0.1804),(775,'2019-11-09 06:36:10','2',0.1425),(776,'2019-11-09 06:36:10','5',-0.0714),(778,'2019-11-09 06:36:15','2',0.0361),(779,'2019-11-09 06:36:15','5',0.0742),(781,'2019-11-09 06:36:20','2',-0.1953),(782,'2019-11-09 06:36:20','5',0.1926),(784,'2019-11-09 06:36:25','2',-0.1624),(785,'2019-11-09 06:36:25','5',-0.1693),(787,'2019-11-09 06:36:30','2',-0.1738),(788,'2019-11-09 06:36:30','5',0.1839),(790,'2019-11-09 06:36:35','2',0.1403),(791,'2019-11-09 06:36:35','5',0.1173),(793,'2019-11-09 06:36:40','2',0.0754),(794,'2019-11-09 06:36:40','5',0.0431),(796,'2019-11-09 06:36:45','2',0.0859),(797,'2019-11-09 06:36:45','5',0.1839),(799,'2019-11-09 06:36:50','2',-0.1828),(800,'2019-11-09 06:36:50','5',-0.154),(802,'2019-11-09 06:36:55','2',0.1924),(803,'2019-11-09 06:36:55','5',-0.0662),(805,'2019-11-09 06:37:00','2',-0.1229),(806,'2019-11-09 06:37:00','5',0.1984),(808,'2019-11-09 06:37:05','2',0.1396),(809,'2019-11-09 06:37:05','5',-0.0841),(811,'2019-11-09 06:37:10','2',-0.011),(812,'2019-11-09 06:37:10','5',0.0743),(814,'2019-11-09 06:37:16','2',-0.0136),(815,'2019-11-09 06:37:16','5',-0.1368),(817,'2019-11-09 06:37:20','2',0.0484),(818,'2019-11-09 06:37:20','5',0.0266),(820,'2019-11-09 06:37:25','2',-0.0153),(821,'2019-11-09 06:37:25','5',-0.0489),(823,'2019-11-09 06:37:30','2',0.1685),(824,'2019-11-09 06:37:30','5',-0.1632),(826,'2019-11-09 06:37:35','2',-0.1803),(827,'2019-11-09 06:37:35','5',0.0565),(829,'2019-11-09 06:37:40','2',-0.0924),(830,'2019-11-09 06:37:40','5',-0.1698),(832,'2019-11-09 06:37:45','2',0.178),(833,'2019-11-09 06:37:45','5',-0.0225),(835,'2019-11-09 06:37:50','2',0.0458),(836,'2019-11-09 06:37:50','5',0.1108),(838,'2019-11-09 06:37:55','2',0.0931),(839,'2019-11-09 06:37:55','5',0.0147),(841,'2019-11-09 06:38:00','2',0.0212),(842,'2019-11-09 06:38:00','5',-0.0871),(844,'2019-11-09 06:38:05','2',-0.028),(845,'2019-11-09 06:38:05','5',-0.0982),(847,'2019-11-09 06:38:10','2',-0.1438),(848,'2019-11-09 06:38:10','5',-0.1902),(850,'2019-11-09 06:38:15','2',-0.133),(851,'2019-11-09 06:38:15','5',-0.0488),(853,'2019-11-09 06:38:20','2',0.1758),(854,'2019-11-09 06:38:20','5',0.1634),(856,'2019-11-09 06:38:25','2',0.1164),(857,'2019-11-09 06:38:25','5',0.1174),(859,'2019-11-09 06:38:30','2',-0.1754),(860,'2019-11-09 06:38:30','5',0.1774),(862,'2019-11-09 06:38:35','2',0.0651),(863,'2019-11-09 06:38:35','5',-0.1005),(865,'2019-11-09 06:38:40','2',0.1507),(866,'2019-11-09 06:38:40','5',-0.0385),(868,'2019-11-09 06:38:46','2',-0.1819),(869,'2019-11-09 06:38:46','5',0.1478),(871,'2019-11-09 06:38:50','2',-0.0862),(872,'2019-11-09 06:38:50','5',0.1563),(874,'2019-11-09 06:38:55','2',-0.1707),(875,'2019-11-09 06:38:55','5',0.1972),(877,'2019-11-09 06:39:00','2',-0.1038),(878,'2019-11-09 06:39:00','5',-0.1183),(880,'2019-11-09 06:39:05','2',0.0923),(881,'2019-11-09 06:39:05','5',-0.1871),(883,'2019-11-09 06:39:10','2',0.0325),(884,'2019-11-09 06:39:10','5',-0.141),(886,'2019-11-09 06:39:15','2',-0.0309),(887,'2019-11-09 06:39:15','5',-0.0103),(889,'2019-11-09 06:39:20','2',-0.1685),(890,'2019-11-09 06:39:20','5',0.1048),(892,'2019-11-09 06:39:25','2',0.1335),(893,'2019-11-09 06:39:25','5',-0.1118),(895,'2019-11-09 06:39:30','2',0.0485),(896,'2019-11-09 06:39:30','5',0.029),(898,'2019-11-09 06:39:35','2',-0.0169),(899,'2019-11-09 06:39:35','5',0.0445),(901,'2019-11-09 06:39:40','2',0.1291),(902,'2019-11-09 06:39:40','5',0.1715),(904,'2019-11-09 06:39:45','2',0.0744),(905,'2019-11-09 06:39:45','5',0.037),(907,'2019-11-09 06:39:50','2',0.0368),(908,'2019-11-09 06:39:50','5',0.0791),(910,'2019-11-09 06:39:55','2',0.0752),(911,'2019-11-09 06:39:55','5',0.1426),(913,'2019-11-09 06:40:01','2',-0.0429),(914,'2019-11-09 06:40:01','5',-0.1595),(916,'2019-11-09 06:40:05','2',0.0588),(917,'2019-11-09 06:40:05','5',0.1706),(919,'2019-11-09 06:40:10','2',0.0824),(920,'2019-11-09 06:40:10','5',0.1709),(922,'2019-11-09 06:40:15','2',-0.0734),(923,'2019-11-09 06:40:15','5',0.107),(925,'2019-11-09 06:40:20','2',-0.1689),(926,'2019-11-09 06:40:20','5',0.0028),(928,'2019-11-09 06:40:25','2',-0.1261),(929,'2019-11-09 06:40:25','5',-0.113),(931,'2019-11-09 06:40:30','2',-0.0011),(932,'2019-11-09 06:40:30','5',0.1161),(934,'2019-11-09 06:40:35','2',0.0247),(935,'2019-11-09 06:40:35','5',0.128),(937,'2019-11-09 06:40:40','2',-0.1505),(938,'2019-11-09 06:40:40','5',0.1811),(940,'2019-11-09 06:40:45','2',0.0516),(941,'2019-11-09 06:40:45','5',-0.1647),(943,'2019-11-09 06:40:50','2',-0.1077),(944,'2019-11-09 06:40:50','5',-0.035),(946,'2019-11-09 06:40:55','2',-0.123),(947,'2019-11-09 06:40:55','5',-0.0001),(949,'2019-11-09 06:41:00','2',0.1991),(950,'2019-11-09 06:41:00','5',-0.1309),(952,'2019-11-09 06:41:05','2',-0.1362),(953,'2019-11-09 06:41:05','5',-0.0582),(955,'2019-11-09 06:41:10','2',-0.0267),(956,'2019-11-09 06:41:10','5',0.1094),(958,'2019-11-09 06:41:16','2',0.0164),(959,'2019-11-09 06:41:16','5',-0.1141),(961,'2019-11-09 06:41:20','2',0.1212),(962,'2019-11-09 06:41:20','5',-0.0621),(964,'2019-11-09 06:41:25','2',-0.0574),(965,'2019-11-09 06:41:25','5',0.1749),(967,'2019-11-09 06:41:30','2',0.1787),(968,'2019-11-09 06:41:30','5',0.1786),(970,'2019-11-09 06:41:35','2',-0.066),(971,'2019-11-09 06:41:35','5',0.0405),(973,'2019-11-09 06:41:40','2',0.0324),(974,'2019-11-09 06:41:40','5',-0.1394),(976,'2019-11-09 06:41:45','2',0.09),(977,'2019-11-09 06:41:45','5',-0.0984),(979,'2019-11-09 06:41:50','2',-0.0177),(980,'2019-11-09 06:41:50','5',-0.1563),(982,'2019-11-09 06:41:55','2',0.1016),(983,'2019-11-09 06:41:55','5',-0.0454),(985,'2019-11-09 06:42:00','2',-0.0935),(986,'2019-11-09 06:42:00','5',-0.1764),(988,'2019-11-09 06:42:05','2',0.0875),(989,'2019-11-09 06:42:05','5',0.0928),(991,'2019-11-09 06:42:10','2',0.0015),(992,'2019-11-09 06:42:10','5',-0.0728),(994,'2019-11-09 06:42:15','2',-0.1795),(995,'2019-11-09 06:42:15','5',-0.1401),(997,'2019-11-09 06:42:20','2',0.0126),(998,'2019-11-09 06:42:20','5',0.1762),(1000,'2019-11-09 06:42:26','2',-0.0811),(1001,'2019-11-09 06:42:26','5',-0.0286),(1003,'2019-11-09 06:42:30','2',-0.0839),(1004,'2019-11-09 06:42:30','5',0.1662),(1006,'2019-11-09 06:42:35','2',-0.006),(1007,'2019-11-09 06:42:35','5',0.1974),(1009,'2019-11-09 06:42:40','2',-0.0791),(1010,'2019-11-09 06:42:40','5',-0.1154),(1012,'2019-11-09 06:42:45','2',0.0744),(1013,'2019-11-09 06:42:45','5',0.0389),(1015,'2019-11-09 06:42:50','2',-0.0497),(1016,'2019-11-09 06:42:50','5',0.1049),(1018,'2019-11-09 06:42:55','2',-0.1048),(1019,'2019-11-09 06:42:55','5',0.0755),(1021,'2019-11-09 06:43:00','2',0.1718),(1022,'2019-11-09 06:43:00','5',0.049),(1024,'2019-11-09 06:43:05','2',0.0108),(1025,'2019-11-09 06:43:05','5',-0.0313),(1027,'2019-11-09 06:43:10','2',0.0841),(1028,'2019-11-09 06:43:10','5',0.0781),(1030,'2019-11-09 06:43:15','2',0.0475),(1031,'2019-11-09 06:43:15','5',0.1227),(1033,'2019-11-09 06:43:20','2',0.0688),(1034,'2019-11-09 06:43:20','5',0.1133),(1036,'2019-11-09 06:43:25','2',-0.1228),(1037,'2019-11-09 06:43:25','5',-0.0993),(1039,'2019-11-09 06:43:30','2',0.1018),(1040,'2019-11-09 06:43:30','5',-0.1467),(1042,'2019-11-09 06:43:35','2',0.1372),(1043,'2019-11-09 06:43:35','5',0.0041),(1045,'2019-11-09 06:43:40','2',0.0829),(1046,'2019-11-09 06:43:40','5',-0.1315),(1048,'2019-11-09 06:43:46','2',0.0007),(1049,'2019-11-09 06:43:46','5',-0.0781),(1051,'2019-11-09 06:43:50','2',-0.1366),(1052,'2019-11-09 06:43:50','5',-0.1617),(1054,'2019-11-09 06:43:55','2',0.183),(1055,'2019-11-09 06:43:55','5',-0.1014),(1057,'2019-11-09 06:44:00','2',-0.177),(1058,'2019-11-09 06:44:00','5',0.1707),(1060,'2019-11-09 06:44:05','2',-0.1112),(1061,'2019-11-09 06:44:05','5',-0.1518),(1063,'2019-11-09 06:44:10','2',0.0346),(1064,'2019-11-09 06:44:10','5',-0.0322),(1066,'2019-11-09 06:44:15','2',0.1899),(1067,'2019-11-09 06:44:15','5',0.0278),(1069,'2019-11-09 06:44:20','2',0.1289),(1070,'2019-11-09 06:44:20','5',-0.0314),(1072,'2019-11-09 06:44:25','2',0.1502),(1073,'2019-11-09 06:44:25','5',-0.1387),(1075,'2019-11-09 06:44:30','2',0.0872),(1076,'2019-11-09 06:44:30','5',0.0913),(1078,'2019-11-09 06:44:35','2',0.0448),(1079,'2019-11-09 06:44:35','5',0.1112),(1081,'2019-11-09 06:44:40','2',0.0457),(1082,'2019-11-09 06:44:40','5',0.0152),(1084,'2019-11-09 06:44:45','2',0.1777),(1085,'2019-11-09 06:44:45','5',-0.1237),(1087,'2019-11-09 06:44:50','2',0.0349),(1088,'2019-11-09 06:44:50','5',-0.1308),(1090,'2019-11-09 06:44:55','2',0.1323),(1091,'2019-11-09 06:44:55','5',-0.1189),(1093,'2019-11-09 06:45:01','2',0.194),(1094,'2019-11-09 06:45:01','5',0.1474),(1096,'2019-11-09 06:45:06','2',-0.0892),(1097,'2019-11-09 06:45:06','5',-0.1563),(1099,'2019-11-09 06:45:10','2',-0.1369),(1100,'2019-11-09 06:45:10','5',0.141),(1102,'2019-11-09 06:45:15','2',0.0743),(1103,'2019-11-09 06:45:15','5',0.1387),(1105,'2019-11-09 06:45:20','2',0.0813),(1106,'2019-11-09 06:45:20','5',0.0665),(1108,'2019-11-09 06:45:25','2',-0.1566),(1109,'2019-11-09 06:45:25','5',-0.0447),(1111,'2019-11-09 06:45:30','2',-0.1436),(1112,'2019-11-09 06:45:30','5',0.1103),(1114,'2019-11-09 06:45:35','2',-0.1652),(1115,'2019-11-09 06:45:35','5',0.0186),(1117,'2019-11-09 06:45:40','2',0.0805),(1118,'2019-11-09 06:45:40','5',-0.1352),(1120,'2019-11-09 06:45:45','2',-0.1794),(1121,'2019-11-09 06:45:45','5',-0.0418),(1123,'2019-11-09 06:45:50','2',0.1132),(1124,'2019-11-09 06:45:50','5',-0.1962),(1126,'2019-11-09 06:45:55','2',0.0454),(1127,'2019-11-09 06:45:55','5',-0.0908),(1129,'2019-11-09 06:46:00','2',-0.1456),(1130,'2019-11-09 06:46:00','5',-0.1979),(1132,'2019-11-09 06:46:05','2',0.0672),(1133,'2019-11-09 06:46:05','5',0.0083),(1135,'2019-11-09 06:46:10','2',0.0873),(1136,'2019-11-09 06:46:10','5',0.0937),(1138,'2019-11-09 06:46:15','2',-0.0663),(1139,'2019-11-09 06:46:15','5',-0.1608),(1141,'2019-11-09 06:46:21','2',-0.1332),(1142,'2019-11-09 06:46:21','5',0.1549),(1144,'2019-11-09 06:46:25','2',0.0163),(1145,'2019-11-09 06:46:25','5',0.1901),(1147,'2019-11-09 06:46:30','2',0.1643),(1148,'2019-11-09 06:46:30','5',-0.1809),(1150,'2019-11-09 06:46:35','2',0.0636),(1151,'2019-11-09 06:46:35','5',-0.1108),(1153,'2019-11-09 06:46:40','2',-0.1112),(1154,'2019-11-09 06:46:40','5',0.0436),(1156,'2019-11-09 06:46:45','2',0.0668),(1157,'2019-11-09 06:46:45','5',0.0049),(1159,'2019-11-09 06:46:50','2',-0.0013),(1160,'2019-11-09 06:46:50','5',-0.1827),(1162,'2019-11-09 06:46:55','2',0.0337),(1163,'2019-11-09 06:46:55','5',0.1661),(1165,'2019-11-09 06:47:00','2',0.1441),(1166,'2019-11-09 06:47:00','5',-0.1666),(1168,'2019-11-09 06:47:05','2',-0.102),(1169,'2019-11-09 06:47:05','5',-0.0175),(1171,'2019-11-09 06:47:10','2',-0.1521),(1172,'2019-11-09 06:47:10','5',0.1745),(1174,'2019-11-09 06:47:15','2',0.0769),(1175,'2019-11-09 06:47:15','5',0.0496),(1177,'2019-11-09 06:47:20','2',0.1551),(1178,'2019-11-09 06:47:20','5',-0.0179),(1180,'2019-11-09 06:47:26','2',-0.1376),(1181,'2019-11-09 06:47:26','5',0.0314),(1183,'2019-11-09 06:47:30','2',0.0138),(1184,'2019-11-09 06:47:30','5',-0.1207),(1186,'2019-11-09 06:47:35','2',-0.1794),(1187,'2019-11-09 06:47:35','5',0.0584),(1189,'2019-11-09 06:47:40','2',-0.0627),(1190,'2019-11-09 06:47:40','5',-0.0437),(1192,'2019-11-09 06:47:45','2',-0.0609),(1193,'2019-11-09 06:47:45','5',-0.1362),(1195,'2019-11-09 06:47:50','2',-0.0178),(1196,'2019-11-09 06:47:50','5',0.0453),(1198,'2019-11-09 06:47:55','2',0.1541),(1199,'2019-11-09 06:47:55','5',-0.1243),(1201,'2019-11-09 06:48:00','2',0.1071),(1202,'2019-11-09 06:48:00','5',0.176),(1204,'2019-11-09 06:48:05','2',0.1566),(1205,'2019-11-09 06:48:05','5',0.1863),(1207,'2019-11-09 06:48:10','2',0.145),(1208,'2019-11-09 06:48:10','5',0.1371),(1210,'2019-11-09 06:48:15','2',-0.0538),(1211,'2019-11-09 06:48:15','5',-0.1096),(1213,'2019-11-09 06:48:20','2',0.1928),(1214,'2019-11-09 06:48:20','5',0.1355),(1216,'2019-11-09 06:48:25','2',0.1302),(1217,'2019-11-09 06:48:25','5',0.1743),(1219,'2019-11-09 06:48:30','2',-0.1694),(1220,'2019-11-09 06:48:30','5',0.0962),(1222,'2019-11-09 06:48:35','2',-0.0474),(1223,'2019-11-09 06:48:35','5',0.1195),(1225,'2019-11-09 06:48:41','2',0.0178),(1226,'2019-11-09 06:48:41','5',-0.1056),(1228,'2019-11-09 06:48:45','2',-0.1238),(1229,'2019-11-09 06:48:45','5',-0.1052),(1231,'2019-11-09 06:48:50','2',-0.1658),(1232,'2019-11-09 06:48:50','5',0.0161),(1234,'2019-11-09 06:48:55','2',-0.0991),(1235,'2019-11-09 06:48:55','5',-0.0983),(1237,'2019-11-09 06:49:00','2',-0.0315),(1238,'2019-11-09 06:49:00','5',-0.1175),(1240,'2019-11-09 06:49:05','2',0.1072),(1241,'2019-11-09 06:49:05','5',0.1763),(1243,'2019-11-09 06:49:10','2',-0.031),(1244,'2019-11-09 06:49:10','5',-0.0109),(1246,'2019-11-09 06:49:15','2',-0.0013),(1247,'2019-11-09 06:49:15','5',-0.0828),(1249,'2019-11-09 06:49:20','2',-0.1989),(1250,'2019-11-09 06:49:20','5',-0.1225),(1252,'2019-11-09 06:49:25','2',-0.0915),(1253,'2019-11-09 06:49:25','5',-0.1681),(1255,'2019-11-09 06:49:30','2',0.1987),(1256,'2019-11-09 06:49:30','5',-0.0349),(1258,'2019-11-09 06:49:35','2',0.143),(1259,'2019-11-09 06:49:35','5',0.0305),(1261,'2019-11-09 06:49:40','2',-0.166),(1262,'2019-11-09 06:49:40','5',0.1175),(1264,'2019-11-09 06:49:45','2',0.0324),(1265,'2019-11-09 06:49:45','5',-0.1393),(1267,'2019-11-09 06:49:51','2',-0.0488),(1268,'2019-11-09 06:49:51','5',-0.0844),(1270,'2019-11-09 06:49:55','2',0.158),(1271,'2019-11-09 06:49:55','5',0.1924),(1273,'2019-11-09 06:50:00','2',0.1877),(1274,'2019-11-09 06:50:00','5',0.0204),(1276,'2019-11-09 06:50:05','2',0.1949),(1277,'2019-11-09 06:50:05','5',-0.1529),(1279,'2019-11-09 06:50:10','2',0.0515),(1280,'2019-11-09 06:50:10','5',-0.0648),(1282,'2019-11-09 06:50:15','2',0.0789),(1283,'2019-11-09 06:50:15','5',-0.0418),(1285,'2019-11-09 06:50:20','2',0.018),(1286,'2019-11-09 06:50:20','5',0.0972),(1288,'2019-11-09 06:50:25','2',-0.0685),(1289,'2019-11-09 06:50:25','5',-0.0749),(1291,'2019-11-09 06:50:30','2',-0.0653),(1292,'2019-11-09 06:50:30','5',0.1387),(1294,'2019-11-09 06:50:35','2',0.0813),(1295,'2019-11-09 06:50:35','5',-0.0335),(1297,'2019-11-09 06:50:40','2',-0.0405),(1298,'2019-11-09 06:50:40','5',-0.1558),(1300,'2019-11-09 06:50:45','2',-0.0556),(1301,'2019-11-09 06:50:45','5',-0.1156),(1303,'2019-11-09 06:50:50','2',-0.0105),(1304,'2019-11-09 06:50:50','5',-0.1258),(1306,'2019-11-09 06:50:55','2',0.16),(1307,'2019-11-09 06:50:55','5',0.1006),(1309,'2019-11-09 06:51:01','2',0.1292),(1310,'2019-11-09 06:51:01','5',-0.1279),(1312,'2019-11-09 06:51:05','2',-0.1111),(1313,'2019-11-09 06:51:05','5',0.1486),(1315,'2019-11-09 06:51:10','2',-0.0837),(1316,'2019-11-09 06:51:10','5',-0.035),(1318,'2019-11-09 06:51:15','2',-0.0022),(1319,'2019-11-09 06:51:15','5',-0.0885),(1321,'2019-11-09 06:51:20','2',-0.0843),(1322,'2019-11-09 06:51:20','5',0.1644),(1324,'2019-11-09 06:51:25','2',0.0439),(1325,'2019-11-09 06:51:25','5',0.0094),(1327,'2019-11-09 06:51:30','2',0.0247),(1328,'2019-11-09 06:51:30','5',-0.1762),(1330,'2019-11-09 06:51:35','2',0.0071),(1331,'2019-11-09 06:51:35','5',0.1527),(1333,'2019-11-09 06:51:40','2',0.1046),(1334,'2019-11-09 06:51:40','5',0.0654),(1336,'2019-11-09 06:51:45','2',0.1555),(1337,'2019-11-09 06:51:45','5',-0.1163),(1339,'2019-11-09 06:51:50','2',0.1844),(1340,'2019-11-09 06:51:50','5',-0.0955),(1342,'2019-11-09 06:51:55','2',0.1235),(1343,'2019-11-09 06:51:55','5',-0.056),(1345,'2019-11-09 06:52:00','2',0.1027),(1346,'2019-11-09 06:52:00','5',-0.041),(1348,'2019-11-09 06:52:05','2',-0.1139),(1349,'2019-11-09 06:52:05','5',-0.0634),(1351,'2019-11-09 06:52:11','2',-0.017),(1352,'2019-11-09 06:52:11','5',-0.1514),(1354,'2019-11-09 06:52:15','2',-0.0524),(1355,'2019-11-09 06:52:15','5',-0.0036),(1357,'2019-11-09 06:52:20','2',-0.145),(1358,'2019-11-09 06:52:20','5',0.0001),(1360,'2019-11-09 06:52:25','2',0.1546),(1361,'2019-11-09 06:52:25','5',0.0798),(1363,'2019-11-09 06:52:30','2',0.1915),(1364,'2019-11-09 06:52:30','5',0.1329),(1366,'2019-11-09 06:52:35','2',0.1168),(1367,'2019-11-09 06:52:35','5',-0.0829),(1369,'2019-11-09 06:52:40','2',0.1081),(1370,'2019-11-09 06:52:40','5',0.1821),(1372,'2019-11-09 06:52:45','2',-0.0969),(1373,'2019-11-09 06:52:45','5',-0.1889),(1375,'2019-11-09 06:52:50','2',0.0897),(1376,'2019-11-09 06:52:50','5',-0.0978),(1378,'2019-11-09 06:52:55','2',-0.0001),(1379,'2019-11-09 06:52:55','5',0.1205),(1381,'2019-11-09 06:53:00','2',-0.1939),(1382,'2019-11-09 06:53:00','5',0.1988),(1384,'2019-11-09 06:53:05','2',-0.0298),(1385,'2019-11-09 06:53:05','5',0.1897),(1387,'2019-11-09 06:53:10','2',-0.0065),(1388,'2019-11-09 06:53:10','5',-0.0051),(1390,'2019-11-09 06:53:15','2',-0.1672),(1391,'2019-11-09 06:53:15','5',-0.0897),(1393,'2019-11-09 06:53:21','2',0.0448),(1394,'2019-11-09 06:53:21','5',0.0113),(1396,'2019-11-09 06:53:25','2',0.0276),(1397,'2019-11-09 06:53:25','5',0.1336),(1399,'2019-11-09 06:53:30','2',0.0016),(1400,'2019-11-09 06:53:30','5',0.0256),(1402,'2019-11-09 06:53:35','2',0.0186),(1403,'2019-11-09 06:53:35','5',-0.0984),(1405,'2019-11-09 06:53:40','2',-0.1686),(1406,'2019-11-09 06:53:40','5',-0.1956),(1408,'2019-11-09 06:53:45','2',-0.0448),(1409,'2019-11-09 06:53:45','5',0.1322),(1411,'2019-11-09 06:53:50','2',0.002),(1412,'2019-11-09 06:53:50','5',-0.0707),(1414,'2019-11-09 06:53:55','2',-0.1868),(1415,'2019-11-09 06:53:55','5',0.1249),(1417,'2019-11-09 06:54:00','2',-0.0873),(1418,'2019-11-09 06:54:00','5',0.048),(1420,'2019-11-09 06:54:05','2',0.1921),(1421,'2019-11-09 06:54:05','5',-0.0626),(1423,'2019-11-09 06:54:10','2',0.1214),(1424,'2019-11-09 06:54:10','5',0.1386),(1426,'2019-11-09 06:54:15','2',0.1435),(1427,'2019-11-09 06:54:15','5',-0.0674),(1429,'2019-11-09 06:54:20','2',0.0516),(1430,'2019-11-09 06:54:20','5',-0.1599),(1432,'2019-11-09 06:54:25','2',-0.1115),(1433,'2019-11-09 06:54:25','5',-0.1529),(1435,'2019-11-09 06:54:30','2',0.1638),(1436,'2019-11-09 06:54:30','5',-0.1813),(1438,'2019-11-09 06:54:36','2',0.0737),(1439,'2019-11-09 06:54:36','5',-0.1659),(1441,'2019-11-09 06:54:40','2',-0.0432),(1442,'2019-11-09 06:54:40','5',-0.1673),(1444,'2019-11-09 06:54:45','2',-0.0536),(1445,'2019-11-09 06:54:45','5',0.1948),(1447,'2019-11-09 06:54:50','2',0.0299),(1448,'2019-11-09 06:54:50','5',-0.0502),(1450,'2019-11-09 06:54:55','2',0.0012),(1451,'2019-11-09 06:54:55','5',0.1279),(1453,'2019-11-09 06:55:00','2',0.0071),(1454,'2019-11-09 06:55:00','5',0.1529),(1456,'2019-11-09 06:55:05','2',0.1301),(1457,'2019-11-09 06:55:05','5',0.1738),(1459,'2019-11-09 06:55:10','2',-0.1171),(1460,'2019-11-09 06:55:10','5',0.0249),(1462,'2019-11-09 06:55:15','2',-0.0369),(1463,'2019-11-09 06:55:15','5',-0.0408),(1465,'2019-11-09 06:55:20','2',0.1348),(1466,'2019-11-09 06:55:20','5',0.1938),(1468,'2019-11-09 06:55:25','2',0.1166),(1469,'2019-11-09 06:55:25','5',-0.1817),(1471,'2019-11-09 06:55:30','2',-0.1084),(1472,'2019-11-09 06:55:30','5',-0.0381),(1474,'2019-11-09 06:55:35','2',0.0063),(1475,'2019-11-09 06:55:35','5',0.1476),(1477,'2019-11-09 06:55:40','2',0.0104),(1478,'2019-11-09 06:55:40','5',0.0668),(1480,'2019-11-09 06:55:45','2',0.146),(1481,'2019-11-09 06:55:45','5',0.1432),(1483,'2019-11-09 06:55:51','2',-0.0104),(1484,'2019-11-09 06:55:51','5',-0.1214),(1486,'2019-11-09 06:55:55','2',0.0083),(1487,'2019-11-09 06:55:55','5',-0.0438),(1489,'2019-11-09 06:56:00','2',0.1264),(1490,'2019-11-09 06:56:00','5',0.1601),(1492,'2019-11-09 06:56:05','2',-0.0724),(1493,'2019-11-09 06:56:05','5',0.0133),(1495,'2019-11-09 06:56:10','2',0.12),(1496,'2019-11-09 06:56:10','5',0.0307),(1498,'2019-11-09 06:56:15','2',0.0928),(1499,'2019-11-09 06:56:15','5',-0.1828),(1501,'2019-11-09 06:56:20','2',-0.1752),(1502,'2019-11-09 06:56:20','5',0.0762),(1504,'2019-11-09 06:56:25','2',0.1137),(1505,'2019-11-09 06:56:25','5',-0.1978),(1507,'2019-11-09 06:56:30','2',-0.0602),(1508,'2019-11-09 06:56:30','5',-0.035),(1510,'2019-11-09 06:56:35','2',-0.1438),(1511,'2019-11-09 06:56:35','5',-0.1884),(1513,'2019-11-09 06:56:40','2',-0.0176),(1514,'2019-11-09 06:56:40','5',-0.1539),(1516,'2019-11-09 06:56:45','2',0.0041),(1517,'2019-11-09 06:56:45','5',-0.1619),(1519,'2019-11-09 06:56:50','2',0.1567),(1520,'2019-11-09 06:56:50','5',0.1869),(1522,'2019-11-09 06:56:56','2',0.0548),(1523,'2019-11-09 06:56:56','5',-0.0464),(1525,'2019-11-09 06:57:01','2',-0.1204),(1526,'2019-11-09 06:57:01','5',0.111),(1528,'2019-11-09 06:57:05','2',0.1467),(1529,'2019-11-09 06:57:05','5',0.1463),(1531,'2019-11-09 06:57:10','2',0.0116),(1532,'2019-11-09 06:57:10','5',-0.1345),(1534,'2019-11-09 06:57:15','2',-0.0064),(1535,'2019-11-09 06:57:15','5',0.1916),(1537,'2019-11-09 06:57:20','2',0.0526),(1538,'2019-11-09 06:57:20','5',0.0399),(1540,'2019-11-09 06:57:25','2',-0.1044),(1541,'2019-11-09 06:57:25','5',-0.1227),(1543,'2019-11-09 06:57:30','2',-0.1405),(1544,'2019-11-09 06:57:30','5',0.0237),(1546,'2019-11-09 06:57:35','2',0.0865),(1547,'2019-11-09 06:57:35','5',0.1901),(1549,'2019-11-09 06:57:40','2',0.1668),(1550,'2019-11-09 06:57:40','5',-0.0684),(1552,'2019-11-09 06:57:45','2',-0.1346),(1553,'2019-11-09 06:57:45','5',0.0507),(1555,'2019-11-09 06:57:50','2',0.1324),(1556,'2019-11-09 06:57:50','5',-0.1182),(1558,'2019-11-09 06:57:55','2',-0.1185),(1559,'2019-11-09 06:57:55','5',-0.0811),(1561,'2019-11-09 06:58:00','2',-0.028),(1562,'2019-11-09 06:58:00','5',-0.0029),(1564,'2019-11-09 06:58:06','2',-0.1978),(1565,'2019-11-09 06:58:06','5',-0.0245),(1567,'2019-11-09 06:58:10','2',-0.0588),(1568,'2019-11-09 06:58:10','5',-0.129),(1570,'2019-11-09 06:58:15','2',0.0308),(1571,'2019-11-09 06:58:15','5',0.1536),(1573,'2019-11-09 06:58:20','2',0.0437),(1574,'2019-11-09 06:58:20','5',-0.1917),(1576,'2019-11-09 06:58:25','2',-0.1573),(1577,'2019-11-09 06:58:25','5',0.0476),(1579,'2019-11-09 06:58:30','2',-0.1494),(1580,'2019-11-09 06:58:30','5',0.0858),(1582,'2019-11-09 06:58:35','2',-0.1439),(1583,'2019-11-09 06:58:35','5',-0.1889),(1585,'2019-11-09 06:58:40','2',-0.158),(1586,'2019-11-09 06:58:40','5',-0.1486),(1588,'2019-11-09 06:58:45','2',0.1401),(1589,'2019-11-09 06:58:45','5',0.0164),(1591,'2019-11-09 06:58:50','2',0.0542),(1592,'2019-11-09 06:58:50','5',-0.1534),(1594,'2019-11-09 06:58:55','2',-0.1664),(1595,'2019-11-09 06:58:55','5',0.1154),(1597,'2019-11-09 06:59:00','2',-0.0185),(1598,'2019-11-09 06:59:00','5',-0.0578),(1600,'2019-11-09 06:59:05','2',0.0605),(1601,'2019-11-09 06:59:05','5',0.1797),(1603,'2019-11-09 06:59:11','2',0.0708),(1604,'2019-11-09 06:59:11','5',0.1238),(1606,'2019-11-09 06:59:15','2',-0.1364),(1607,'2019-11-09 06:59:15','5',-0.1572),(1609,'2019-11-09 06:59:20','2',0.022),(1610,'2019-11-09 06:59:20','5',-0.0902),(1612,'2019-11-09 06:59:25','2',0.0801),(1613,'2019-11-09 06:59:25','5',0.0631),(1615,'2019-11-09 06:59:30','2',0.1292),(1616,'2019-11-09 06:59:30','5',-0.0346),(1618,'2019-11-09 06:59:35','2',-0.0331),(1619,'2019-11-09 06:59:35','5',0.0819),(1621,'2019-11-09 06:59:40','2',0.0153),(1622,'2019-11-09 06:59:40','5',0.1876),(1624,'2019-11-09 06:59:45','2',-0.1185),(1625,'2019-11-09 06:59:45','5',0.1155),(1627,'2019-11-09 06:59:50','2',0.1849),(1628,'2019-11-09 06:59:50','5',-0.0934),(1630,'2019-11-09 06:59:55','2',0.1786),(1631,'2019-11-09 06:59:55','5',0.1817),(1633,'2019-11-09 07:00:00','2',0.0513),(1634,'2019-11-09 07:00:00','5',-0.1592),(1636,'2019-11-09 07:00:05','2',-0.181),(1637,'2019-11-09 07:00:05','5',0.0516),(1639,'2019-11-09 07:00:10','2',0.1947),(1640,'2019-11-09 07:00:10','5',-0.0497),(1642,'2019-11-09 07:00:16','2',0.0371),(1643,'2019-11-09 07:00:16','5',-0.1213),(1645,'2019-11-09 07:00:20','2',0.0621),(1646,'2019-11-09 07:00:20','5',-0.0152),(1648,'2019-11-09 07:00:25','2',-0.1172),(1649,'2019-11-09 07:00:25','5',0.0227),(1651,'2019-11-09 07:00:30','2',0.1109),(1652,'2019-11-09 07:00:30','5',-0.1076),(1654,'2019-11-09 07:00:35','2',0.1897),(1655,'2019-11-09 07:00:35','5',-0.0729),(1657,'2019-11-09 07:00:40','2',-0.0933),(1658,'2019-11-09 07:00:40','5',0.1226),(1660,'2019-11-09 07:00:45','2',-0.1901),(1661,'2019-11-09 07:00:45','5',0.0127),(1663,'2019-11-09 07:00:50','2',-0.1651),(1664,'2019-11-09 07:00:50','5',-0.0808),(1666,'2019-11-09 07:00:55','2',-0.1718),(1667,'2019-11-09 07:00:55','5',0.0906),(1669,'2019-11-09 07:01:00','2',0.112),(1670,'2019-11-09 07:01:00','5',-0.0015),(1672,'2019-11-09 07:01:05','2',0.0036),(1673,'2019-11-09 07:01:05','5',0.0343),(1675,'2019-11-09 07:01:10','2',0.0976),(1676,'2019-11-09 07:01:10','5',0.0375),(1678,'2019-11-09 07:01:15','2',-0.1868),(1679,'2019-11-09 07:01:15','5',0.0287),(1681,'2019-11-09 07:01:21','2',0.0638),(1682,'2019-11-09 07:01:21','5',0.1939),(1684,'2019-11-09 07:01:25','2',0.1777),(1685,'2019-11-09 07:01:25','5',-0.1239),(1687,'2019-11-09 07:01:30','2',-0.0418),(1688,'2019-11-09 07:01:30','5',0.043),(1690,'2019-11-09 07:01:35','2',0.1411),(1691,'2019-11-09 07:01:35','5',-0.0796),(1693,'2019-11-09 07:01:40','2',0.1068),(1694,'2019-11-09 07:01:40','5',-0.0234),(1696,'2019-11-09 07:01:45','2',-0.1762),(1697,'2019-11-09 07:01:45','5',-0.0264),(1699,'2019-11-09 07:01:50','2',0.1042),(1700,'2019-11-09 07:01:50','5',0.1617),(1702,'2019-11-09 07:01:55','2',-0.0245),(1703,'2019-11-09 07:01:55','5',0.1123),(1705,'2019-11-09 07:02:00','2',-0.1573),(1706,'2019-11-09 07:02:00','5',-0.046),(1708,'2019-11-09 07:02:05','2',-0.1445),(1709,'2019-11-09 07:02:05','5',-0.0916),(1711,'2019-11-09 07:02:10','2',-0.1523),(1712,'2019-11-09 07:02:10','5',-0.1267),(1714,'2019-11-09 07:02:15','2',0.125),(1715,'2019-11-09 07:02:15','5',0.054),(1717,'2019-11-09 07:02:20','2',0.0029),(1718,'2019-11-09 07:02:20','5',0.1331),(1720,'2019-11-09 07:02:25','2',0.1004),(1721,'2019-11-09 07:02:25','5',0.1476),(1723,'2019-11-09 07:02:31','2',0.1694),(1724,'2019-11-09 07:02:31','5',0.0428),(1726,'2019-11-09 07:02:35','2',-0.1335),(1727,'2019-11-09 07:02:35','5',0.0532),(1729,'2019-11-09 07:02:40','2',0.077),(1730,'2019-11-09 07:02:40','5',0.1501),(1732,'2019-11-09 07:02:45','2',0.1253),(1733,'2019-11-09 07:02:45','5',0.1485),(1735,'2019-11-09 07:02:50','2',-0.0367),(1736,'2019-11-09 07:02:50','5',-0.0351),(1738,'2019-11-09 07:02:55','2',-0.028),(1739,'2019-11-09 07:02:55','5',0.1035),(1741,'2019-11-09 07:03:00','2',0.0832),(1742,'2019-11-09 07:03:00','5',0.0762),(1744,'2019-11-09 07:03:05','2',0.1908),(1745,'2019-11-09 07:03:05','5',-0.1663),(1747,'2019-11-09 07:03:10','2',-0.0046),(1748,'2019-11-09 07:03:10','5',-0.097),(1750,'2019-11-09 07:03:15','2',-0.0788),(1751,'2019-11-09 07:03:15','5',-0.1188),(1753,'2019-11-09 07:03:20','2',-0.0196),(1754,'2019-11-09 07:03:20','5',0.1392),(1756,'2019-11-09 07:03:25','2',-0.0929),(1757,'2019-11-09 07:03:25','5',-0.072),(1759,'2019-11-09 07:03:30','2',0.0854),(1760,'2019-11-09 07:03:30','5',0.1855),(1762,'2019-11-09 07:03:36','2',-0.0039),(1763,'2019-11-09 07:03:36','5',0.1062),(1765,'2019-11-09 07:03:40','2',-0.1696),(1766,'2019-11-09 07:03:40','5',0.198),(1768,'2019-11-09 07:03:45','2',-0.0136),(1769,'2019-11-09 07:03:45','5',0.163),(1771,'2019-11-09 07:03:50','2',0.0675),(1772,'2019-11-09 07:03:50','5',-0.0941),(1774,'2019-11-09 07:03:55','2',-0.0664),(1775,'2019-11-09 07:03:55','5',0.1408),(1777,'2019-11-09 07:04:00','2',0.0028),(1778,'2019-11-09 07:04:00','5',0.1347),(1780,'2019-11-09 07:04:05','2',-0.0958),(1781,'2019-11-09 07:04:05','5',0.0155),(1783,'2019-11-09 07:04:10','2',0.0114),(1784,'2019-11-09 07:04:10','5',-0.1309),(1786,'2019-11-09 07:04:15','2',-0.0039),(1787,'2019-11-09 07:04:15','5',0.1061),(1789,'2019-11-09 07:04:20','2',0.0876),(1790,'2019-11-09 07:04:20','5',0.0886),(1792,'2019-11-09 07:04:25','2',0.0093),(1793,'2019-11-09 07:04:25','5',0.1623),(1795,'2019-11-09 07:04:30','2',-0.0465),(1796,'2019-11-09 07:04:30','5',-0.1748),(1798,'2019-11-09 07:04:35','2',-0.1614),(1799,'2019-11-09 07:04:35','5',0.0347),(1801,'2019-11-09 07:04:40','2',0.1996),(1802,'2019-11-09 07:04:40','5',-0.0329),(1804,'2019-11-09 07:04:46','2',-0.0647),(1805,'2019-11-09 07:04:46','5',0.144),(1807,'2019-11-09 07:04:50','2',-0.0541),(1808,'2019-11-09 07:04:50','5',0.0908),(1810,'2019-11-09 07:04:55','2',0.0298),(1811,'2019-11-09 07:04:55','5',-0.1527),(1813,'2019-11-09 07:05:00','2',-0.0132),(1814,'2019-11-09 07:05:00','5',-0.1335),(1816,'2019-11-09 07:05:05','2',-0.0334),(1817,'2019-11-09 07:05:05','5',0.0788),(1819,'2019-11-09 07:05:10','2',-0.0754),(1820,'2019-11-09 07:05:10','5',0.0022),(1822,'2019-11-09 07:05:15','2',-0.147),(1823,'2019-11-09 07:05:15','5',0.0942),(1825,'2019-11-09 07:05:20','2',-0.0865),(1826,'2019-11-09 07:05:20','5',-0.0469),(1828,'2019-11-09 07:05:25','2',0.1063),(1829,'2019-11-09 07:05:25','5',0.0745),(1831,'2019-11-09 07:05:30','2',0.1137),(1832,'2019-11-09 07:05:30','5',0.004),(1834,'2019-11-09 07:05:35','2',-0.0983),(1835,'2019-11-09 07:05:35','5',-0.195),(1837,'2019-11-09 07:05:40','2',0.0898),(1838,'2019-11-09 07:05:40','5',0.1027),(1840,'2019-11-09 07:05:45','2',0.0226),(1841,'2019-11-09 07:05:45','5',0.0122),(1843,'2019-11-09 07:05:50','2',-0.1661),(1844,'2019-11-09 07:05:50','5',-0.0849),(1846,'2019-11-09 07:05:56','2',0.0409),(1847,'2019-11-09 07:05:56','5',-0.1051),(1849,'2019-11-09 07:06:00','2',-0.0215),(1850,'2019-11-09 07:06:00','5',-0.1687),(1852,'2019-11-09 07:06:05','2',-0.1004),(1853,'2019-11-09 07:06:05','5',0.1923),(1855,'2019-11-09 07:06:10','2',-0.0156),(1856,'2019-11-09 07:06:10','5',0.1544),(1858,'2019-11-09 07:06:15','2',-0.0708),(1859,'2019-11-09 07:06:15','5',0.0201),(1861,'2019-11-09 07:06:20','2',0.1765),(1862,'2019-11-09 07:06:20','5',0.1708),(1864,'2019-11-09 07:06:25','2',-0.0221),(1865,'2019-11-09 07:06:25','5',0.1271),(1867,'2019-11-09 07:06:30','2',-0.1564),(1868,'2019-11-09 07:06:30','5',-0.1437),(1870,'2019-11-09 07:06:35','2',0.1754),(1871,'2019-11-09 07:06:35','5',-0.1358),(1873,'2019-11-09 07:06:40','2',0.1833),(1874,'2019-11-09 07:06:40','5',0.1017),(1876,'2019-11-09 07:06:45','2',0.1277),(1877,'2019-11-09 07:06:45','5',0.0657),(1879,'2019-11-09 07:06:50','2',0.18),(1880,'2019-11-09 07:06:50','5',0.1879),(1882,'2019-11-09 07:06:55','2',-0.1919),(1883,'2019-11-09 07:06:55','5',0.1074),(1885,'2019-11-09 07:07:00','2',0.1997),(1886,'2019-11-09 07:07:00','5',0.1696),(1888,'2019-11-09 07:07:06','2',0.0257),(1889,'2019-11-09 07:07:06','5',0.1319),(1891,'2019-11-09 07:07:10','2',0.052),(1892,'2019-11-09 07:07:10','5',0.0416),(1894,'2019-11-09 07:07:15','2',-0.1573),(1895,'2019-11-09 07:07:15','5',-0.1478),(1897,'2019-11-09 07:07:20','2',-0.0592),(1898,'2019-11-09 07:07:20','5',0.0693),(1900,'2019-11-09 07:07:25','2',-0.1483),(1901,'2019-11-09 07:07:25','5',0.0925),(1903,'2019-11-09 07:07:30','2',-0.0418),(1904,'2019-11-09 07:07:30','5',0.1431),(1906,'2019-11-09 07:07:35','2',-0.0969),(1907,'2019-11-09 07:07:35','5',0.107),(1909,'2019-11-09 07:07:40','2',0.0785),(1910,'2019-11-09 07:07:40','5',0.0566),(1912,'2019-11-09 07:07:45','2',0.047),(1913,'2019-11-09 07:07:45','5',0.0159),(1915,'2019-11-09 07:07:50','2',-0.0333),(1916,'2019-11-09 07:07:50','5',-0.0205),(1918,'2019-11-09 07:07:55','2',-0.1764),(1919,'2019-11-09 07:07:55','5',0.1729),(1921,'2019-11-09 07:08:00','2',0.1585),(1922,'2019-11-09 07:08:00','5',0.0896),(1924,'2019-11-09 07:08:05','2',0.0997),(1925,'2019-11-09 07:08:05','5',0.0467),(1927,'2019-11-09 07:08:11','2',-0.053),(1928,'2019-11-09 07:08:11','5',0.0977),(1930,'2019-11-09 07:08:15','2',-0.0649),(1931,'2019-11-09 07:08:15','5',0.1452),(1933,'2019-11-09 07:08:20','2',-0.1062),(1934,'2019-11-09 07:08:20','5',0.0694),(1936,'2019-11-09 07:08:25','2',0.1467),(1937,'2019-11-09 07:08:25','5',0.0441),(1939,'2019-11-09 07:08:30','2',-0.0728),(1940,'2019-11-09 07:08:30','5',0.1132),(1942,'2019-11-09 07:08:35','2',0.126),(1943,'2019-11-09 07:08:35','3',-0.0454),(1944,'2019-11-09 07:08:35','5',-0.0053),(1945,'2019-11-09 07:08:40','2',0.0709),(1946,'2019-11-09 07:08:40','3',0.122),(1947,'2019-11-09 07:08:40','4',0.1975),(1948,'2019-11-09 07:08:40','5',0.0213),(1952,'2019-11-09 07:08:45','2',0.0736),(1953,'2019-11-09 07:08:45','3',0.1357),(1954,'2019-11-09 07:08:45','4',-0.1422),(1955,'2019-11-09 07:08:45','5',-0.1182),(1959,'2019-11-09 07:08:50','2',-0.1028),(1960,'2019-11-09 07:08:50','3',-0.1206),(1961,'2019-11-09 07:08:50','4',-0.0946),(1962,'2019-11-09 07:08:50','5',0.0886),(1966,'2019-11-09 07:08:55','2',0.0323),(1967,'2019-11-09 07:08:55','3',-0.142),(1968,'2019-11-09 07:08:55','4',0.1931),(1969,'2019-11-09 07:08:55','5',-0.0084),(1973,'2019-11-09 07:09:00','2',-0.1997),(1974,'2019-11-09 07:09:00','3',-0.0261),(1975,'2019-11-09 07:09:00','4',-0.1315),(1976,'2019-11-09 07:09:00','5',0.0209),(1980,'2019-11-09 07:09:05','2',-0.1544),(1981,'2019-11-09 07:09:05','3',-0.1401),(1982,'2019-11-09 07:09:05','4',-0.0373),(1983,'2019-11-09 07:09:05','5',0.0338),(1987,'2019-11-09 07:09:10','2',0.1944),(1988,'2019-11-09 07:09:10','3',-0.1529),(1989,'2019-11-09 07:09:10','4',0.0521),(1990,'2019-11-09 07:09:10','5',0.1192),(1994,'2019-11-09 07:09:15','2',-0.0078),(1995,'2019-11-09 07:09:15','3',0.0832),(1996,'2019-11-09 07:09:15','4',-0.1609),(1997,'2019-11-09 07:09:15','5',-0.0539),(2001,'2019-11-09 07:09:20','2',0.161),(2002,'2019-11-09 07:09:20','3',-0.1929),(2003,'2019-11-09 07:09:20','4',-0.0476),(2004,'2019-11-09 07:09:20','5',0.1406),(2008,'2019-11-09 07:09:26','2',0.1985),(2009,'2019-11-09 07:09:26','3',0.0663),(2010,'2019-11-09 07:09:26','4',-0.064),(2011,'2019-11-09 07:09:26','5',0.0813),(2015,'2019-11-09 07:09:30','2',-0.1918),(2016,'2019-11-09 07:09:30','3',-0.0942),(2017,'2019-11-09 07:09:30','4',-0.0957),(2018,'2019-11-09 07:09:30','5',0.0041),(2022,'2019-11-09 07:09:35','2',0.1055),(2023,'2019-11-09 07:09:35','3',0.1693),(2024,'2019-11-09 07:09:35','4',-0.0699),(2025,'2019-11-09 07:09:35','5',0.1424),(2029,'2019-11-09 07:09:40','2',0.0048),(2030,'2019-11-09 07:09:40','3',0.1364),(2031,'2019-11-09 07:09:40','4',0.0677),(2032,'2019-11-09 07:09:40','5',0.1295),(2036,'2019-11-09 07:09:45','2',0.1164),(2037,'2019-11-09 07:09:45','3',0.0107),(2038,'2019-11-09 07:09:45','4',-0.0955),(2039,'2019-11-09 07:09:45','5',0.0902),(2043,'2019-11-09 07:09:50','2',-0.1942),(2044,'2019-11-09 07:09:50','3',-0.0024),(2045,'2019-11-09 07:09:50','4',-0.0295),(2046,'2019-11-09 07:09:50','5',0.0595),(2050,'2019-11-09 07:09:55','2',0.0505),(2051,'2019-11-09 07:09:55','3',0.0376),(2052,'2019-11-09 07:09:55','4',-0.1637),(2053,'2019-11-09 07:09:55','5',0.0687),(2057,'2019-11-09 07:10:00','2',0.1263),(2058,'2019-11-09 07:10:00','3',-0.0402),(2059,'2019-11-09 07:10:00','4',0.0198),(2060,'2019-11-09 07:10:00','5',0.0198),(2064,'2019-11-09 07:10:05','2',0.184),(2065,'2019-11-09 07:10:05','3',0.0009),(2066,'2019-11-09 07:10:05','4',0.0527),(2067,'2019-11-09 07:10:05','5',0.0607),(2071,'2019-11-09 07:10:10','2',0.0204),(2072,'2019-11-09 07:10:10','3',-0.0904),(2073,'2019-11-09 07:10:10','4',0.0867),(2074,'2019-11-09 07:10:10','5',0.1048),(2078,'2019-11-09 07:10:15','2',0.1013),(2079,'2019-11-09 07:10:15','3',-0.0504),(2080,'2019-11-09 07:10:15','4',0.0441),(2081,'2019-11-09 07:10:15','5',0.1715),(2085,'2019-11-09 07:10:20','2',0.0682),(2086,'2019-11-09 07:10:20','3',-0.0893),(2087,'2019-11-09 07:10:20','4',-0.0512),(2088,'2019-11-09 07:10:20','5',-0.188),(2092,'2019-11-09 07:10:25','2',0.1619),(2093,'2019-11-09 07:10:25','3',0.0043),(2094,'2019-11-09 07:10:25','4',0.1356),(2095,'2019-11-09 07:10:25','5',0.0651),(2099,'2019-11-09 07:10:30','1',0.1948),(2100,'2019-11-09 07:10:30','2',0.049),(2101,'2019-11-09 07:10:30','3',-0.1398),(2102,'2019-11-09 07:10:30','4',0.1542),(2103,'2019-11-09 07:10:30','5',0.1903),(2106,'2019-11-09 07:10:35','1',-0.1721),(2107,'2019-11-09 07:10:35','2',0.1896),(2108,'2019-11-09 07:10:35','3',0.0641),(2109,'2019-11-09 07:10:35','4',-0.0482),(2110,'2019-11-09 07:10:35','5',0.1665),(2113,'2019-11-09 07:10:41','1',-0.1615),(2114,'2019-11-09 07:10:41','2',0.1345),(2115,'2019-11-09 07:10:41','3',0.1568),(2116,'2019-11-09 07:10:41','4',0.1807),(2117,'2019-11-09 07:10:41','5',-0.1671),(2120,'2019-11-09 07:10:45','1',0.1843),(2121,'2019-11-09 07:10:45','2',-0.194),(2122,'2019-11-09 07:10:45','3',-0.1228),(2123,'2019-11-09 07:10:45','4',0.1682),(2124,'2019-11-09 07:10:45','5',-0.1909),(2127,'2019-11-09 07:10:50','1',-0.072),(2128,'2019-11-09 07:10:50','2',0.1147),(2129,'2019-11-09 07:10:50','3',0.1897),(2130,'2019-11-09 07:10:50','4',0.0042),(2131,'2019-11-09 07:10:50','5',0.052),(2134,'2019-11-09 07:10:55','1',-0.0452),(2135,'2019-11-09 07:10:55','2',0.0267),(2136,'2019-11-09 07:10:55','3',0.0691),(2137,'2019-11-09 07:10:55','4',0.0654),(2138,'2019-11-09 07:10:55','5',-0.08),(2141,'2019-11-09 07:11:00','1',0.0351),(2142,'2019-11-09 07:11:00','2',0.17),(2143,'2019-11-09 07:11:00','3',0.1446),(2144,'2019-11-09 07:11:00','4',0.0133),(2145,'2019-11-09 07:11:00','5',-0.1676),(2148,'2019-11-09 07:11:05','1',0.01),(2149,'2019-11-09 07:11:05','2',0.1654),(2150,'2019-11-09 07:11:05','3',0.1968),(2151,'2019-11-09 07:11:05','4',-0.1123),(2152,'2019-11-09 07:11:05','5',-0.1519),(2155,'2019-11-09 07:11:10','1',0.0652),(2156,'2019-11-09 07:11:10','2',0.1978),(2157,'2019-11-09 07:11:10','3',0.1934),(2158,'2019-11-09 07:11:10','4',0.1736),(2159,'2019-11-09 07:11:10','5',0.0878),(2162,'2019-11-09 07:11:15','1',-0.0431),(2163,'2019-11-09 07:11:15','2',0.1377),(2164,'2019-11-09 07:11:15','3',-0.1824),(2165,'2019-11-09 07:11:15','4',0.0749),(2166,'2019-11-09 07:11:15','5',-0.0783),(2169,'2019-11-09 07:11:20','1',0.0909),(2170,'2019-11-09 07:11:20','2',-0.0975),(2171,'2019-11-09 07:11:20','3',-0.1601),(2172,'2019-11-09 07:11:20','4',0.0918),(2173,'2019-11-09 07:11:20','5',-0.0608),(2176,'2019-11-09 07:11:25','1',0.1821),(2177,'2019-11-09 07:11:25','2',0.0927),(2178,'2019-11-09 07:11:25','3',0.1175),(2179,'2019-11-09 07:11:25','4',0.1091),(2180,'2019-11-09 07:11:25','5',-0.0068),(2183,'2019-11-09 07:11:30','1',-0.069),(2184,'2019-11-09 07:11:30','2',0.1293),(2185,'2019-11-09 07:11:30','3',-0.1462),(2186,'2019-11-09 07:11:30','4',-0.119),(2187,'2019-11-09 07:11:30','5',0.0435),(2190,'2019-11-09 07:11:35','1',0.0445),(2191,'2019-11-09 07:11:35','2',-0.0882),(2192,'2019-11-09 07:11:35','3',0.0256),(2193,'2019-11-09 07:11:35','4',0.1926),(2194,'2019-11-09 07:11:35','5',-0.1139),(2197,'2019-11-09 07:11:40','1',0.1462),(2198,'2019-11-09 07:11:40','2',-0.1624),(2199,'2019-11-09 07:11:40','3',0.1495),(2200,'2019-11-09 07:11:40','4',-0.1653),(2201,'2019-11-09 07:11:40','5',0.1248),(2204,'2019-11-09 07:11:45','1',0.1583),(2205,'2019-11-09 07:11:45','2',-0.1043),(2206,'2019-11-09 07:11:45','3',0.0036),(2207,'2019-11-09 07:11:45','4',0.1307),(2208,'2019-11-09 07:11:45','5',0.043),(2211,'2019-11-09 07:11:51','1',0.123),(2212,'2019-11-09 07:11:51','2',0.0453),(2213,'2019-11-09 07:11:51','3',0.0579),(2214,'2019-11-09 07:11:51','4',-0.0467),(2215,'2019-11-09 07:11:51','5',0.1927),(2218,'2019-11-09 07:11:55','1',-0.1538),(2219,'2019-11-09 07:11:55','2',-0.0347),(2220,'2019-11-09 07:11:55','3',0.088),(2221,'2019-11-09 07:11:55','4',-0.056),(2222,'2019-11-09 07:11:55','5',0.0559),(2225,'2019-11-09 07:12:00','1',0.0842),(2226,'2019-11-09 07:12:00','2',-0.0214),(2227,'2019-11-09 07:12:00','3',-0.1596),(2228,'2019-11-09 07:12:00','4',-0.1339),(2229,'2019-11-09 07:12:00','5',0.0093),(2232,'2019-11-09 07:12:05','1',0.1808),(2233,'2019-11-09 07:12:05','2',0.191),(2234,'2019-11-09 07:12:05','3',-0.1874),(2235,'2019-11-09 07:12:05','4',-0.1099),(2236,'2019-11-09 07:12:05','5',-0.1872),(2239,'2019-11-09 07:12:10','1',-0.0266),(2240,'2019-11-09 07:12:10','2',0.1077),(2241,'2019-11-09 07:12:10','3',0.0182),(2242,'2019-11-09 07:12:10','4',-0.0321),(2243,'2019-11-09 07:12:10','5',-0.0151),(2246,'2019-11-09 07:12:15','1',0.1764),(2247,'2019-11-09 07:12:15','2',-0.0277),(2248,'2019-11-09 07:12:15','3',-0.0674),(2249,'2019-11-09 07:12:15','4',-0.054),(2250,'2019-11-09 07:12:15','5',0.1321),(2253,'2019-11-09 07:12:20','1',-0.1236),(2254,'2019-11-09 07:12:20','2',0.1974),(2255,'2019-11-09 07:12:20','3',-0.042),(2256,'2019-11-09 07:12:20','4',0.1978),(2257,'2019-11-09 07:12:20','5',0.115),(2260,'2019-11-09 07:12:25','1',0.1518),(2261,'2019-11-09 07:12:25','2',0.066),(2262,'2019-11-09 07:12:25','3',0.0744),(2263,'2019-11-09 07:12:25','4',-0.026),(2264,'2019-11-09 07:12:25','5',-0.1531),(2267,'2019-11-09 07:12:30','1',-0.0184),(2268,'2019-11-09 07:12:30','2',0.1444),(2269,'2019-11-09 07:12:30','3',0.1774),(2270,'2019-11-09 07:12:30','4',-0.1464),(2271,'2019-11-09 07:12:30','5',0.1357),(2274,'2019-11-09 07:12:35','1',-0.025),(2275,'2019-11-09 07:12:35','2',0.0144),(2276,'2019-11-09 07:12:35','3',-0.0531),(2277,'2019-11-09 07:12:35','4',-0.1084),(2278,'2019-11-09 07:12:35','5',-0.183),(2281,'2019-11-09 07:12:40','1',-0.0104),(2282,'2019-11-09 07:12:40','2',0.0764),(2283,'2019-11-09 07:12:40','3',-0.1865),(2284,'2019-11-09 07:12:40','4',-0.1616),(2285,'2019-11-09 07:12:40','5',-0.0488),(2288,'2019-11-09 07:12:45','1',0.1253),(2289,'2019-11-09 07:12:45','2',0.1486),(2290,'2019-11-09 07:12:45','3',0.1672),(2291,'2019-11-09 07:12:45','4',0.1902),(2292,'2019-11-09 07:12:45','5',-0.1505),(2295,'2019-11-09 07:12:50','1',-0.152),(2296,'2019-11-09 07:12:50','2',-0.1251),(2297,'2019-11-09 07:12:50','3',0.0306),(2298,'2019-11-09 07:12:50','4',-0.0717),(2299,'2019-11-09 07:12:50','5',0.1495),(2302,'2019-11-09 07:12:55','1',-0.1779),(2303,'2019-11-09 07:12:55','2',0.16),(2304,'2019-11-09 07:12:55','3',-0.0663),(2305,'2019-11-09 07:12:55','4',0.1887),(2306,'2019-11-09 07:12:55','5',0.1423),(2309,'2019-11-09 07:13:01','1',-0.0358),(2310,'2019-11-09 07:13:01','2',0.1669),(2311,'2019-11-09 07:13:01','3',-0.0582),(2312,'2019-11-09 07:13:01','4',-0.1919),(2313,'2019-11-09 07:13:01','5',-0.1848),(2316,'2019-11-09 07:13:05','1',0.0482),(2317,'2019-11-09 07:13:05','2',0.1276),(2318,'2019-11-09 07:13:05','3',-0.1066),(2319,'2019-11-09 07:13:05','4',0.0841),(2320,'2019-11-09 07:13:05','5',0.1405),(2323,'2019-11-09 07:13:10','1',0.1118),(2324,'2019-11-09 07:13:10','2',0.1913),(2325,'2019-11-09 07:13:10','3',0.0211),(2326,'2019-11-09 07:13:10','4',0.1315),(2327,'2019-11-09 07:13:10','5',-0.0055),(2330,'2019-11-09 07:13:15','1',-0.0262),(2331,'2019-11-09 07:13:15','2',-0.1888),(2332,'2019-11-09 07:13:15','3',0.1349),(2333,'2019-11-09 07:13:15','4',-0.1593),(2334,'2019-11-09 07:13:15','5',0.1989),(2337,'2019-11-09 07:13:20','1',0.1298),(2338,'2019-11-09 07:13:20','2',-0.132),(2339,'2019-11-09 07:13:20','3',-0.0496),(2340,'2019-11-09 07:13:20','4',-0.0519),(2341,'2019-11-09 07:13:20','5',0.0891),(2344,'2019-11-09 07:13:25','1',-0.1127),(2345,'2019-11-09 07:13:25','2',-0.0562),(2346,'2019-11-09 07:13:25','3',-0.143),(2347,'2019-11-09 07:13:25','4',0.0535),(2348,'2019-11-09 07:13:25','5',0.0968),(2351,'2019-11-09 07:13:30','1',0.0171),(2352,'2019-11-09 07:13:30','2',0.1953),(2353,'2019-11-09 07:13:30','3',-0.0748),(2354,'2019-11-09 07:13:30','4',0.04),(2355,'2019-11-09 07:13:30','5',-0.1756),(2358,'2019-11-09 07:13:35','1',0.1145),(2359,'2019-11-09 07:13:35','2',0.1093),(2360,'2019-11-09 07:13:35','3',0.0031),(2361,'2019-11-09 07:13:35','4',-0.1122),(2362,'2019-11-09 07:13:35','5',0.0294),(2365,'2019-11-09 07:13:40','1',-0.1877),(2366,'2019-11-09 07:13:40','2',0.1251),(2367,'2019-11-09 07:13:40','3',0.1886),(2368,'2019-11-09 07:13:40','4',-0.0325),(2369,'2019-11-09 07:13:40','5',-0.1283),(2372,'2019-11-09 07:13:45','1',0.0246),(2373,'2019-11-09 07:13:45','2',0.1233),(2374,'2019-11-09 07:13:45','3',-0.0572),(2375,'2019-11-09 07:13:45','4',-0.0561),(2376,'2019-11-09 07:13:45','5',0.0914),(2379,'2019-11-09 07:13:50','1',-0.0922),(2380,'2019-11-09 07:13:50','2',0.1291),(2381,'2019-11-09 07:13:50','3',-0.0779),(2382,'2019-11-09 07:13:50','4',-0.1767),(2383,'2019-11-09 07:13:50','5',-0.0498),(2386,'2019-11-09 07:13:55','1',-0.0283),(2387,'2019-11-09 07:13:55','2',0.1008),(2388,'2019-11-09 07:13:55','3',-0.0114),(2389,'2019-11-09 07:13:55','4',-0.1594),(2390,'2019-11-09 07:13:55','5',-0.1626),(2393,'2019-11-09 07:14:00','1',-0.1738),(2394,'2019-11-09 07:14:00','2',-0.1196),(2395,'2019-11-09 07:14:00','3',0.1232),(2396,'2019-11-09 07:14:00','4',-0.0253),(2397,'2019-11-09 07:14:00','5',0.104),(2400,'2019-11-09 07:14:05','1',0.0537),(2401,'2019-11-09 07:14:05','2',-0.1492),(2402,'2019-11-09 07:14:05','3',0.0929),(2403,'2019-11-09 07:14:05','4',-0.088),(2404,'2019-11-09 07:14:05','5',-0.1184),(2407,'2019-11-09 07:14:10','1',0.1329),(2408,'2019-11-09 07:14:10','2',-0.0142),(2409,'2019-11-09 07:14:10','3',0.13),(2410,'2019-11-09 07:14:10','4',0.0927),(2411,'2019-11-09 07:14:10','5',-0.1264),(2414,'2019-11-09 07:14:16','1',0.1565),(2415,'2019-11-09 07:14:16','2',-0.0123),(2416,'2019-11-09 07:14:16','3',0.0692),(2417,'2019-11-09 07:14:16','4',0.1826),(2418,'2019-11-09 07:14:16','5',0.1058),(2421,'2019-11-09 07:14:20','1',0.1245),(2422,'2019-11-09 07:14:20','2',-0.0545),(2423,'2019-11-09 07:14:20','3',-0.0462),(2424,'2019-11-09 07:14:20','4',0.1327),(2425,'2019-11-09 07:14:20','5',-0.1981),(2428,'2019-11-09 07:14:25','1',0.1125),(2429,'2019-11-09 07:14:25','2',-0.199),(2430,'2019-11-09 07:14:25','3',0.0673),(2431,'2019-11-09 07:14:25','4',-0.0665),(2432,'2019-11-09 07:14:25','5',0.0656),(2435,'2019-11-09 07:14:30','1',-0.0408),(2436,'2019-11-09 07:14:30','2',0.0493),(2437,'2019-11-09 07:14:30','3',0.1688),(2438,'2019-11-09 07:14:30','4',0.0962),(2439,'2019-11-09 07:14:30','5',0.1748),(2442,'2019-11-09 07:14:35','1',-0.0429),(2443,'2019-11-09 07:14:35','2',-0.1613),(2444,'2019-11-09 07:14:35','3',-0.0781),(2445,'2019-11-09 07:14:35','4',-0.1064),(2446,'2019-11-09 07:14:35','5',-0.098),(2449,'2019-11-09 07:14:40','1',-0.0394),(2450,'2019-11-09 07:14:40','2',-0.1448),(2451,'2019-11-09 07:14:40','3',-0.0055),(2452,'2019-11-09 07:14:40','4',-0.1934),(2453,'2019-11-09 07:14:40','5',0.0495),(2456,'2019-11-09 07:14:45','1',0.0535),(2457,'2019-11-09 07:14:45','2',0.0482),(2458,'2019-11-09 07:14:45','3',-0.1196),(2459,'2019-11-09 07:14:45','4',-0.1424),(2460,'2019-11-09 07:14:45','5',-0.1533),(2463,'2019-11-09 07:14:50','1',0.0385),(2464,'2019-11-09 07:14:50','2',-0.1137),(2465,'2019-11-09 07:14:50','3',-0.0838),(2466,'2019-11-09 07:14:50','4',0.1219),(2467,'2019-11-09 07:14:50','5',-0.1391),(2470,'2019-11-09 07:14:55','1',0.1524),(2471,'2019-11-09 07:14:55','2',-0.0315),(2472,'2019-11-09 07:14:55','3',-0.0145),(2473,'2019-11-09 07:14:55','4',-0.1783),(2474,'2019-11-09 07:14:55','5',0.1523),(2477,'2019-11-09 07:15:00','1',-0.1003),(2478,'2019-11-09 07:15:00','2',0.1963),(2479,'2019-11-09 07:15:00','3',-0.1173),(2480,'2019-11-09 07:15:00','4',-0.1757),(2481,'2019-11-09 07:15:00','5',0.0737),(2484,'2019-11-09 07:15:05','1',-0.0455),(2485,'2019-11-09 07:15:05','2',0.1291),(2486,'2019-11-09 07:15:05','3',0.1822),(2487,'2019-11-09 07:15:05','4',-0.0763),(2488,'2019-11-09 07:15:05','5',0.0718),(2491,'2019-11-09 07:15:10','1',0.19),(2492,'2019-11-09 07:15:10','2',-0.0765),(2493,'2019-11-09 07:15:10','3',0.0477),(2494,'2019-11-09 07:15:10','4',-0.132),(2495,'2019-11-09 07:15:10','5',0.1967),(2498,'2019-11-09 07:15:15','1',-0.138),(2499,'2019-11-09 07:15:15','2',0.1326),(2500,'2019-11-09 07:15:15','3',0.0768),(2501,'2019-11-09 07:15:15','4',0.1864),(2502,'2019-11-09 07:15:15','5',0.1013),(2505,'2019-11-09 07:15:20','1',0.0337),(2506,'2019-11-09 07:15:20','2',-0.1339),(2507,'2019-11-09 07:15:20','3',-0.1707),(2508,'2019-11-09 07:15:20','4',0.148),(2509,'2019-11-09 07:15:20','5',-0.1476),(2512,'2019-11-09 07:15:26','1',-0.065),(2513,'2019-11-09 07:15:26','2',0.1427),(2514,'2019-11-09 07:15:26','3',-0.0913),(2515,'2019-11-09 07:15:26','4',0.1151),(2516,'2019-11-09 07:15:26','5',-0.1507),(2519,'2019-11-09 07:15:30','1',0.0035),(2520,'2019-11-09 07:15:30','2',-0.166),(2521,'2019-11-09 07:15:30','3',0.1593),(2522,'2019-11-09 07:15:30','4',-0.1056),(2523,'2019-11-09 07:15:30','5',-0.006),(2526,'2019-11-09 07:15:35','1',-0.127),(2527,'2019-11-09 07:15:35','2',-0.0169),(2528,'2019-11-09 07:15:35','3',0.0963),(2529,'2019-11-09 07:15:35','4',-0.0675),(2530,'2019-11-09 07:15:35','5',-0.0265),(2533,'2019-11-09 07:15:40','1',-0.1005),(2534,'2019-11-09 07:15:40','2',-0.0064),(2535,'2019-11-09 07:15:40','3',0.0694),(2536,'2019-11-09 07:15:40','4',0.1663),(2537,'2019-11-09 07:15:40','5',0.0234),(2540,'2019-11-09 07:15:45','1',-0.0546),(2541,'2019-11-09 07:15:45','2',0.087),(2542,'2019-11-09 07:15:45','3',-0.0013),(2543,'2019-11-09 07:15:45','4',-0.0676),(2544,'2019-11-09 07:15:45','5',-0.1339),(2547,'2019-11-09 07:15:50','1',0.0743),(2548,'2019-11-09 07:15:50','2',0.0367),(2549,'2019-11-09 07:15:50','3',0.1604),(2550,'2019-11-09 07:15:50','4',0.0922),(2551,'2019-11-09 07:15:50','5',0.1796),(2554,'2019-11-09 07:15:55','1',-0.1658),(2555,'2019-11-09 07:15:55','2',0.1179),(2556,'2019-11-09 07:15:55','3',0.087),(2557,'2019-11-09 07:15:55','4',-0.1187),(2558,'2019-11-09 07:15:55','5',0.1455),(2561,'2019-11-09 07:16:00','1',-0.1318),(2562,'2019-11-09 07:16:00','2',-0.0391),(2563,'2019-11-09 07:16:00','3',-0.0005),(2564,'2019-11-09 07:16:00','4',-0.0849),(2565,'2019-11-09 07:16:00','5',0.1768),(2568,'2019-11-09 07:16:05','1',-0.1085),(2569,'2019-11-09 07:16:05','2',-0.1382),(2570,'2019-11-09 07:16:05','3',-0.1656),(2571,'2019-11-09 07:16:05','4',0.1867),(2572,'2019-11-09 07:16:05','5',0.0301),(2575,'2019-11-09 07:16:10','1',-0.0245),(2576,'2019-11-09 07:16:10','2',0.1166),(2577,'2019-11-09 07:16:10','3',0.0568),(2578,'2019-11-09 07:16:10','4',0.1339),(2579,'2019-11-09 07:16:10','5',-0.1008),(2582,'2019-11-09 07:16:15','1',-0.1377),(2583,'2019-11-09 07:16:15','2',-0.1643),(2584,'2019-11-09 07:16:15','3',0.1916),(2585,'2019-11-09 07:16:15','4',0.0507),(2586,'2019-11-09 07:16:15','5',-0.1212),(2589,'2019-11-09 07:16:20','1',-0.1388),(2590,'2019-11-09 07:16:20','2',0.1327),(2591,'2019-11-09 07:16:20','3',0.0801),(2592,'2019-11-09 07:16:20','4',-0.1977),(2593,'2019-11-09 07:16:20','5',0.1713),(2596,'2019-11-09 07:16:25','1',-0.1669),(2597,'2019-11-09 07:16:25','2',-0.1865),(2598,'2019-11-09 07:16:25','3',0.1682),(2599,'2019-11-09 07:16:25','4',0.0006),(2600,'2019-11-09 07:16:25','5',0.0983),(2603,'2019-11-09 07:16:31','1',0.0809),(2604,'2019-11-09 07:16:31','2',0.0646),(2605,'2019-11-09 07:16:31','3',-0.1195),(2606,'2019-11-09 07:16:31','4',-0.1912),(2607,'2019-11-09 07:16:31','5',0.0022),(2610,'2019-11-09 07:16:35','1',0.173),(2611,'2019-11-09 07:16:35','2',0.154),(2612,'2019-11-09 07:16:35','3',0.051),(2613,'2019-11-09 07:16:35','4',-0.0068),(2614,'2019-11-09 07:16:35','5',0.0127),(2617,'2019-11-09 07:16:40','1',-0.1403),(2618,'2019-11-09 07:16:40','2',0.1266),(2619,'2019-11-09 07:16:40','3',0.0537),(2620,'2019-11-09 07:16:40','4',0.0889),(2621,'2019-11-09 07:16:40','5',0.0835),(2624,'2019-11-09 07:16:45','1',0.1232),(2625,'2019-11-09 07:16:45','2',0.1444),(2626,'2019-11-09 07:16:45','3',0.1523),(2627,'2019-11-09 07:16:45','4',0.1285),(2628,'2019-11-09 07:16:45','5',-0.0147),(2631,'2019-11-09 07:16:50','1',-0.1026),(2632,'2019-11-09 07:16:50','2',-0.0152),(2633,'2019-11-09 07:16:50','3',0.0319),(2634,'2019-11-09 07:16:50','4',0.005),(2635,'2019-11-09 07:16:50','5',0.1292),(2638,'2019-11-09 07:16:55','1',0.0006),(2639,'2019-11-09 07:16:55','2',0.0233),(2640,'2019-11-09 07:16:55','3',-0.0853),(2641,'2019-11-09 07:16:55','4',0.1037),(2642,'2019-11-09 07:16:55','5',0.1742),(2645,'2019-11-09 07:17:00','1',-0.0133),(2646,'2019-11-09 07:17:00','2',-0.1339),(2647,'2019-11-09 07:17:00','3',-0.0296),(2648,'2019-11-09 07:17:00','4',0.0538),(2649,'2019-11-09 07:17:00','5',0.1579),(2652,'2019-11-09 07:17:05','1',0.0536),(2653,'2019-11-09 07:17:05','2',-0.0515),(2654,'2019-11-09 07:17:05','3',0.1818),(2655,'2019-11-09 07:17:05','4',0.0635),(2656,'2019-11-09 07:17:05','5',-0.0277),(2659,'2019-11-09 07:17:10','1',-0.0133),(2660,'2019-11-09 07:17:10','2',-0.1405),(2661,'2019-11-09 07:17:10','3',-0.0623),(2662,'2019-11-09 07:17:10','4',-0.0901),(2663,'2019-11-09 07:17:10','5',-0.0637),(2666,'2019-11-09 07:17:15','1',0.1629),(2667,'2019-11-09 07:17:15','2',0.013),(2668,'2019-11-09 07:17:15','3',0.1766),(2669,'2019-11-09 07:17:15','4',-0.1563),(2670,'2019-11-09 07:17:15','5',0.089),(2673,'2019-11-09 07:17:20','1',0.1931),(2674,'2019-11-09 07:17:20','2',0.0416),(2675,'2019-11-09 07:17:20','3',-0.1713),(2676,'2019-11-09 07:17:20','4',0.0187),(2677,'2019-11-09 07:17:20','5',0.0074),(2680,'2019-11-09 07:17:25','1',0.1524),(2681,'2019-11-09 07:17:25','2',-0.1296),(2682,'2019-11-09 07:17:25','3',-0.1054),(2683,'2019-11-09 07:17:25','4',0.0622),(2684,'2019-11-09 07:17:25','5',0.027),(2687,'2019-11-09 07:17:30','1',-0.095),(2688,'2019-11-09 07:17:30','2',-0.0829),(2689,'2019-11-09 07:17:30','3',0.0704),(2690,'2019-11-09 07:17:30','4',0.0006),(2691,'2019-11-09 07:17:30','5',-0.008),(2694,'2019-11-09 07:17:36','1',-0.0726),(2695,'2019-11-09 07:17:36','2',0.0122),(2696,'2019-11-09 07:17:36','3',0.0789),(2697,'2019-11-09 07:17:36','4',0.1578),(2698,'2019-11-09 07:17:36','5',-0.0477),(2701,'2019-11-09 07:17:40','1',0.0133),(2702,'2019-11-09 07:17:40','2',0.0754),(2703,'2019-11-09 07:17:40','3',0.137),(2704,'2019-11-09 07:17:40','4',-0.1412),(2705,'2019-11-09 07:17:40','5',-0.1168);
/*!40000 ALTER TABLE `stockpricechange` ENABLE KEYS */;
UNLOCK TABLES;

--
-- Table structure for table `transactiondetails`
--

DROP TABLE IF EXISTS `transactiondetails`;
/*!40101 SET @saved_cs_client     = @@character_set_client */;
 SET character_set_client = utf8mb4 ;
CREATE TABLE `transactiondetails` (
  `ID` int(11) NOT NULL AUTO_INCREMENT COMMENT 'ID',
  `OpAccountID` varchar(20) NOT NULL COMMENT 'the operation account ID ',
  `TargetAccountID` varchar(20) DEFAULT NULL COMMENT 'the target account ID, null if no target',
  `Amount` double NOT NULL COMMENT 'the amount of money being operated',
  `CurrencyId` int(11) NOT NULL,
  `Name` varchar(20) NOT NULL,
  `CustomerId` int(11) NOT NULL,
  `Info` varchar(100) NOT NULL,
  PRIMARY KEY (`ID`),
  KEY `OpAccountID` (`OpAccountID`),
  KEY `TargetAccountID` (`TargetAccountID`)
) ENGINE=InnoDB DEFAULT CHARSET=utf8;
/*!40101 SET character_set_client = @saved_cs_client */;

--
-- Dumping data for table `transactiondetails`
--

LOCK TABLES `transactiondetails` WRITE;
/*!40000 ALTER TABLE `transactiondetails` DISABLE KEYS */;
/*!40000 ALTER TABLE `transactiondetails` ENABLE KEYS */;
UNLOCK TABLES;

--
-- Final view structure for view `pricechanged`
--

/*!50001 DROP VIEW IF EXISTS `pricechanged`*/;
/*!50001 SET @saved_cs_client          = @@character_set_client */;
/*!50001 SET @saved_cs_results         = @@character_set_results */;
/*!50001 SET @saved_col_connection     = @@collation_connection */;
/*!50001 SET character_set_client      = utf8mb4 */;
/*!50001 SET character_set_results     = utf8mb4 */;
/*!50001 SET collation_connection      = utf8mb4_0900_ai_ci */;
/*!50001 CREATE ALGORITHM=UNDEFINED */
/*!50013 DEFINER=`root`@`localhost` SQL SECURITY DEFINER */
/*!50001 VIEW `pricechanged` AS select `s`.`stockID` AS `ID`,`s`.`pricechanged` AS `pricechanged` from (select `t`.`stockID` AS `stockID`,`t`.`pricechanged` AS `pricechanged` from ((select `stockpricechange`.`stockID` AS `stockID`,max(`stockpricechange`.`systime`) AS `latesttime` from `stockpricechange` group by `stockpricechange`.`stockID`) `s` join `stockpricechange` `t`) where ((`s`.`stockID` = `t`.`stockID`) and (`t`.`systime` = `s`.`latesttime`))) `s` */;
/*!50001 SET character_set_client      = @saved_cs_client */;
/*!50001 SET character_set_results     = @saved_cs_results */;
/*!50001 SET collation_connection      = @saved_col_connection */;
/*!40103 SET TIME_ZONE=@OLD_TIME_ZONE */;

/*!40101 SET SQL_MODE=@OLD_SQL_MODE */;
/*!40014 SET FOREIGN_KEY_CHECKS=@OLD_FOREIGN_KEY_CHECKS */;
/*!40014 SET UNIQUE_CHECKS=@OLD_UNIQUE_CHECKS */;
/*!40101 SET CHARACTER_SET_CLIENT=@OLD_CHARACTER_SET_CLIENT */;
/*!40101 SET CHARACTER_SET_RESULTS=@OLD_CHARACTER_SET_RESULTS */;
/*!40101 SET COLLATION_CONNECTION=@OLD_COLLATION_CONNECTION */;
/*!40111 SET SQL_NOTES=@OLD_SQL_NOTES */;

-- Dump completed on 2019-11-09  2:17:42
